dt,AverageTemperature
1743-11-01,3.264
1744-04-01,9.788
1744-05-01,15.708
1744-06-01,21.21
1744-07-01,22.207
1744-09-01,14.922
1744-10-01,8.968
1744-11-01,3.161
1744-12-01,-2.681
1745-01-01,-2.363
1745-02-01,-2.6710000000000003
1745-03-01,1.3630000000000002
1745-04-01,8.209
1750-01-01,-4.3100000000000005
1750-02-01,-2.7190000000000003
1750-03-01,2.773
1750-04-01,8.847999999999997
1750-05-01,15.411
1750-06-01,19.017
1750-07-01,24.203000000000007
1750-08-01,22.135
1750-09-01,17.444999999999997
1750-10-01,9.076
1750-12-01,-1.093
1751-01-01,-3.591
1751-02-01,-2.051
1751-03-01,3.256
1751-04-01,7.992000000000001
1751-06-01,20.724
1751-07-01,22.668000000000006
1751-08-01,21.547
1751-09-01,15.811999999999998
1752-01-01,-7.587999999999999
1752-03-01,3.322
1752-04-01,7.402
1752-10-01,9.390999999999998
1752-11-01,5.831
1752-12-01,-1.471
1753-01-01,-3.122
1753-02-01,-1.467
1753-03-01,4.207
1753-04-01,8.099
1753-05-01,15.33
1753-06-01,20.82
1753-07-01,22.524
1753-08-01,21.324
1753-09-01,15.547999999999998
1753-10-01,10.479
1753-11-01,3.363
1753-12-01,-2.8539999999999996
1754-01-01,-2.252
1754-02-01,-2.583
1754-03-01,2.728
1754-06-01,20.075
1754-07-01,22.503
1754-08-01,21.461
1754-09-01,16.281
1754-10-01,11.477
1754-12-01,-0.752
1755-01-01,-3.193
1755-02-01,-1.802
1755-03-01,1.112
1755-04-01,8.714
1755-05-01,15.238
1755-06-01,19.964
1755-09-01,16.136999999999997
1755-10-01,8.668999999999999
1755-11-01,3.599
1755-12-01,-2.381
1756-01-01,-1.985
1756-02-01,0.2589999999999999
1756-06-01,20.488000000000003
1756-07-01,22.452
1756-08-01,21.208
1756-09-01,17.345
1756-10-01,9.662
1756-11-01,2.894
1756-12-01,-2.9
1757-01-01,-4.79
1757-02-01,-1.507
1757-03-01,2.26
1757-04-01,7.666
1757-05-01,15.332
1757-06-01,22.461
1757-07-01,24.345
1757-08-01,21.159
1757-10-01,9.419999999999998
1757-11-01,2.957
1757-12-01,-1.555
1758-01-01,-4.982
1758-02-01,-3.689
1758-03-01,1.5319999999999998
1758-04-01,7.7680000000000025
1758-05-01,13.844000000000001
1758-06-01,19.097
1758-07-01,21.276
1758-08-01,19.42
1758-09-01,15.386
1758-10-01,7.0429999999999975
1758-11-01,3.784
1758-12-01,-2.676
1759-01-01,-3.35
1759-02-01,-0.007000000000000117
1759-03-01,2.7110000000000003
1759-04-01,7.9910000000000005
1759-05-01,14.739
1759-06-01,19.267
1759-07-01,19.827
1759-08-01,19.814
1759-09-01,16.558999999999994
1759-10-01,10.81
1759-11-01,4.375
1759-12-01,-4.647
1760-01-01,-4.2
1760-02-01,-1.327
1760-03-01,1.358
1760-04-01,8.617
1760-05-01,14.091
1760-06-01,18.554
1760-08-01,21.479
1760-09-01,16.044999999999998
1760-10-01,9.187999999999999
1760-11-01,3.3760000000000003
1760-12-01,-2.189
1761-01-01,-6.9
1761-02-01,-2.162
1761-03-01,3.621
1761-04-01,8.279
1761-05-01,18.068
1761-06-01,25.728
1761-07-01,29.141
1761-08-01,21.351
1761-09-01,16.025
1761-11-01,4.2490000000000006
1761-12-01,-5.41
1762-02-01,-2.559
1762-03-01,0.7599999999999998
1762-04-01,9.184
1762-05-01,15.511
1762-06-01,20.677
1762-07-01,23.667
1762-09-01,16.253
1762-10-01,8.751999999999999
1762-11-01,4.145
1762-12-01,-0.902
1763-01-01,-6.6320000000000014
1763-02-01,-4.01
1763-03-01,0.71
1763-04-01,8.061
1763-05-01,13.984000000000002
1763-06-01,19.517
1763-08-01,21.195
1763-09-01,16.369
1763-11-01,3.079
1763-12-01,0.008000000000000007
1764-01-01,-3.228
1764-02-01,0.6829999999999998
1764-03-01,2.562
1764-06-01,17.642
1764-07-01,20.943
1764-08-01,20.419
1764-09-01,15.190999999999999
1764-10-01,13.034
1764-11-01,5.831
1764-12-01,2.377
1765-01-01,-4.023
1765-02-01,-0.5579999999999999
1765-03-01,3.977
1765-04-01,9.915
1765-05-01,15.262
1765-07-01,21.415
1765-08-01,21.373
1765-09-01,16.724999999999998
1765-10-01,10.026
1765-11-01,5.0600000000000005
1765-12-01,-0.6639999999999999
1766-01-01,-4.324
1766-02-01,0.621
1766-03-01,2.801
1766-04-01,8.662
1766-05-01,15.175999999999998
1766-06-01,20.605
1766-07-01,22.121
1766-08-01,22.44
1766-09-01,18.632
1766-10-01,10.217
1766-11-01,5.72
1766-12-01,-1.544
1767-01-01,-3.511
1767-02-01,-2.073
1767-03-01,2.647
1767-04-01,8.55
1767-05-01,13.56
1767-07-01,22.095
1767-08-01,22.969
1767-09-01,16.354
1767-10-01,10.404000000000002
1767-11-01,5.4129999999999985
1767-12-01,-2.673
1768-01-01,-3.644
1768-02-01,1.1389999999999998
1768-03-01,0.8569999999999998
1768-04-01,6.3020000000000005
1768-05-01,13.484000000000002
1768-06-01,17.737000000000005
1768-07-01,21.133000000000006
1768-08-01,20.494
1768-09-01,15.686999999999998
1768-10-01,9.103
1768-11-01,3.407
1768-12-01,-1.661
1769-01-01,-1.794
1769-02-01,-2.48
1769-03-01,2.086
1769-04-01,8.157
1769-05-01,13.858
1769-06-01,20.674
1769-07-01,22.372
1769-08-01,21.182
1769-09-01,17.095
1769-10-01,8.261000000000001
1769-11-01,2.2680000000000002
1769-12-01,-2.459
1770-01-01,-4.7940000000000005
1770-02-01,-1.6569999999999998
1770-03-01,0.31599999999999984
1770-04-01,8.689
1770-05-01,14.3
1770-06-01,19.44
1770-07-01,22.242
1770-08-01,21.352
1770-09-01,16.363999999999994
1770-10-01,8.748
1770-11-01,4.558
1770-12-01,-1.092
1771-01-01,-0.03900000000000015
1771-02-01,-4.02
1771-03-01,2.995
1771-04-01,8.771
1771-05-01,16.185000000000002
1771-06-01,20.092
1771-07-01,22.235
1771-08-01,22.534
1771-09-01,16.857999999999997
1771-10-01,12.686
1771-11-01,6.34
1771-12-01,-2.468
1772-01-01,-3.74
1772-02-01,-1.8980000000000001
1772-03-01,-0.5390000000000001
1772-04-01,9.009
1772-05-01,13.882
1772-06-01,19.348
1772-07-01,22.871
1772-08-01,21.212
1772-09-01,15.342999999999998
1772-10-01,11.550999999999998
1772-11-01,5.988
1772-12-01,2.6670000000000003
1773-01-01,-2.708
1773-02-01,-5.051
1773-03-01,2.469
1773-04-01,9.441
1773-05-01,16.254
1773-06-01,20.253
1773-07-01,23.244
1773-08-01,21.524
1773-09-01,18.22
1773-10-01,11.592
1773-11-01,3.929
1773-12-01,1.778
1774-01-01,-6.386
1774-02-01,-1.681
1774-03-01,3.005
1774-04-01,12.664000000000001
1774-06-01,19.994
1774-07-01,23.026
1774-08-01,21.752
1774-09-01,16.54
1774-10-01,12.922999999999998
1774-11-01,4.453
1774-12-01,-1.597
1775-01-01,-1.1269999999999998
1775-02-01,1.335
1775-03-01,4.784
1775-04-01,8.367
1775-05-01,17.038
1775-06-01,18.539
1775-07-01,22.648000000000003
1775-08-01,21.225
1775-09-01,16.406999999999996
1775-10-01,10.712
1775-11-01,5.265
1775-12-01,-2.279
1776-01-01,-4.4060000000000015
1776-02-01,-1.976
1776-03-01,1.712
1776-04-01,8.185
1776-06-01,19.891
1776-07-01,21.538
1776-08-01,21.448
1776-09-01,17.418999999999997
1776-10-01,11.0
1776-11-01,5.6610000000000005
1776-12-01,-0.0020000000000000018
1777-01-01,-1.7029999999999998
1777-02-01,-1.6769999999999998
1777-03-01,2.658
1777-04-01,7.0939999999999985
1777-05-01,13.042000000000002
1777-06-01,18.438
1777-07-01,19.05
1777-08-01,21.208
1777-09-01,15.557999999999998
1777-10-01,10.008
1777-11-01,3.394
1777-12-01,-1.889
1778-01-01,-2.395
1778-05-01,13.965
1778-06-01,18.564
1778-10-01,11.454999999999998
1778-11-01,2.461
1778-12-01,-2.739
1779-01-01,-3.5980000000000003
1779-02-01,2.204
1779-03-01,2.134
1781-01-01,-0.665
1781-02-01,-0.6480000000000001
1781-03-01,2.728
1781-04-01,7.723000000000001
1781-05-01,14.866
1781-06-01,19.033
1781-07-01,23.319000000000006
1781-08-01,22.202
1781-09-01,16.221999999999998
1781-10-01,10.703
1781-11-01,3.072
1781-12-01,-1.1
1782-01-01,-5.17
1782-02-01,-3.844
1782-03-01,0.6619999999999999
1782-04-01,10.131
1782-05-01,15.515
1782-06-01,21.032
1782-07-01,21.423000000000002
1782-08-01,22.76
1782-09-01,18.039
1782-10-01,8.565999999999999
1782-11-01,2.653
1782-12-01,-1.94
1783-01-01,-5.0139999999999985
1783-02-01,-0.4500000000000002
1783-03-01,1.6269999999999998
1783-04-01,8.539
1783-05-01,15.389000000000001
1783-06-01,21.182
1783-07-01,21.486
1783-08-01,21.439
1783-09-01,14.237999999999998
1783-10-01,8.315999999999999
1783-11-01,1.221
1783-12-01,-2.21
1784-01-01,-6.08
1784-02-01,-6.4860000000000015
1784-03-01,0.7469999999999999
1784-04-01,6.1160000000000005
1784-05-01,14.21
1784-06-01,19.949
1784-07-01,22.174
1784-08-01,22.545
1784-09-01,16.374000000000002
1784-10-01,8.674
1784-11-01,5.033
1784-12-01,-2.423
1785-01-01,-5.126
1785-02-01,-3.4530000000000003
1785-03-01,-1.3430000000000002
1785-04-01,7.245
1785-05-01,13.007
1785-06-01,20.938
1785-07-01,22.188000000000002
1785-08-01,21.504
1785-09-01,15.259999999999998
1785-10-01,9.514
1785-11-01,3.874
1785-12-01,-1.681
1786-01-01,-5.301
1786-02-01,-2.107
1786-03-01,4.104
1786-04-01,8.086
1786-05-01,14.358
1786-06-01,20.754
1786-07-01,22.594
1786-08-01,20.381
1786-09-01,16.939999999999998
1786-10-01,10.736999999999998
1786-11-01,1.636
1786-12-01,-4.374
1787-01-01,-3.09
1787-02-01,-2.79
1787-03-01,3.155
1787-04-01,8.756
1787-05-01,13.978000000000002
1787-06-01,19.443
1787-07-01,21.092
1787-08-01,20.789
1787-09-01,15.412999999999998
1787-10-01,7.802
1787-11-01,4.832
1787-12-01,-1.6829999999999998
1788-01-01,-4.862
1788-02-01,-3.317
1788-03-01,2.314
1788-04-01,9.391
1788-05-01,14.692
1788-06-01,20.004
1788-07-01,23.586
1788-08-01,21.792
1788-09-01,17.230999999999998
1788-10-01,12.893999999999998
1788-11-01,6.5360000000000005
1788-12-01,-2.968
1789-01-01,-2.8510000000000004
1789-02-01,-4.862
1789-03-01,2.003
1789-04-01,8.251000000000001
1789-05-01,13.720999999999998
1789-06-01,20.584
1789-07-01,23.356
1789-08-01,22.477
1789-09-01,17.098999999999997
1789-10-01,7.883999999999999
1789-11-01,4.995
1789-12-01,0.424
1790-01-01,-1.1749999999999998
1790-02-01,-1.5950000000000002
1790-03-01,1.935
1790-04-01,6.979000000000001
1790-05-01,14.99
1790-06-01,21.148000000000003
1790-07-01,21.726
1790-08-01,22.087
1790-09-01,17.264999999999993
1790-10-01,10.396999999999998
1790-11-01,3.819
1790-12-01,-4.839
1791-01-01,-2.908
1791-02-01,-4.232
1791-03-01,4.3039999999999985
1791-04-01,9.482000000000001
1791-05-01,15.816
1791-06-01,20.21
1791-07-01,21.626
1791-08-01,21.446
1791-09-01,16.105999999999998
1791-10-01,8.367999999999999
1791-11-01,3.742
1791-12-01,-1.4769999999999999
1792-01-01,-7.1110000000000015
1792-02-01,-2.88
1792-03-01,3.3310000000000004
1792-04-01,8.685
1792-05-01,15.468
1792-06-01,19.039
1792-07-01,21.389
1792-08-01,19.875
1792-09-01,15.201999999999998
1792-10-01,10.6
1792-11-01,4.004
1792-12-01,-2.939
1793-01-01,-2.3280000000000003
1793-02-01,-1.524
1793-03-01,3.22
1793-04-01,9.645
1793-05-01,15.804
1793-06-01,20.634
1793-07-01,22.613000000000003
1793-08-01,21.763
1793-09-01,17.218
1793-10-01,9.762
1793-11-01,3.749
1793-12-01,-1.971
1794-01-01,-2.648
1794-02-01,-2.8710000000000004
1794-03-01,3.425
1794-04-01,9.443
1794-05-01,15.978000000000002
1794-06-01,19.185
1794-07-01,21.394000000000002
1794-08-01,21.4
1794-09-01,17.994
1794-10-01,9.004999999999997
1794-11-01,3.466
1794-12-01,2.2110000000000003
1795-01-01,-3.588
1795-02-01,-2.574
1795-03-01,1.838
1795-04-01,8.527000000000001
1795-05-01,14.818
1795-06-01,19.644
1795-07-01,21.383000000000006
1795-08-01,20.855
1795-09-01,16.887999999999998
1795-10-01,10.217
1795-11-01,3.23
1795-12-01,-0.6990000000000001
1796-01-01,-2.6460000000000004
1796-02-01,-2.9770000000000003
1796-03-01,0.5030000000000001
1796-04-01,9.552
1796-05-01,14.349
1796-06-01,20.021
1796-07-01,22.337
1796-08-01,21.411
1796-09-01,16.668999999999997
1796-10-01,9.794
1796-11-01,3.125
1796-12-01,-4.54
1797-01-01,-4.89
1797-02-01,0.4510000000000001
1797-03-01,2.155
1797-04-01,8.301
1797-05-01,13.598
1797-06-01,19.997
1797-07-01,23.272
1797-08-01,21.096
1797-09-01,16.089000000000002
1797-10-01,8.674
1797-11-01,1.557
1797-12-01,-4.159
1798-01-01,-2.955
1798-02-01,-3.667
1798-03-01,2.73
1798-04-01,9.147
1798-05-01,16.625999999999998
1798-06-01,21.073
1798-07-01,22.59
1798-08-01,24.464
1798-09-01,17.673
1798-10-01,11.175
1798-11-01,2.048
1798-12-01,-4.384
1799-01-01,-3.225
1799-02-01,-3.793
1799-03-01,-0.3300000000000001
1799-04-01,8.286000000000001
1799-05-01,14.396
1799-06-01,20.597
1799-07-01,22.982
1799-08-01,21.913
1799-09-01,16.863
1799-10-01,9.933
1799-11-01,4.738
1799-12-01,-2.079
1800-01-01,-3.592
1800-02-01,-2.855
1800-03-01,1.4669999999999999
1800-04-01,10.463
1800-05-01,14.637
1800-06-01,20.574
1800-07-01,23.297
1800-08-01,21.146
1800-09-01,16.767999999999994
1800-10-01,10.432
1800-11-01,2.511
1800-12-01,0.07800000000000007
1801-01-01,-3.215
1801-02-01,-2.012
1801-03-01,4.343999999999999
1801-04-01,8.004000000000001
1801-05-01,16.375
1801-06-01,19.781
1801-07-01,23.131
1801-08-01,20.889
1801-09-01,18.445
1801-10-01,10.731
1801-11-01,3.758
1801-12-01,-0.23199999999999998
1802-01-01,0.8290000000000002
1802-02-01,-2.353
1802-03-01,3.11
1802-04-01,9.1
1802-05-01,13.822000000000001
1802-06-01,20.703000000000007
1802-07-01,22.624000000000002
1802-08-01,22.267
1802-09-01,17.863
1802-10-01,12.339
1802-11-01,4.676
1802-12-01,-1.5519999999999998
1803-01-01,-3.132
1803-02-01,-0.782
1803-03-01,2.475
1803-04-01,9.643
1803-05-01,13.293
1803-06-01,21.13
1803-07-01,23.738000000000003
1803-08-01,22.357
1803-09-01,16.322999999999997
1803-10-01,11.425999999999998
1803-11-01,3.112
1803-12-01,1.2720000000000002
1804-01-01,-4.88
1804-02-01,-2.323
1804-03-01,1.272
1804-04-01,8.326
1804-05-01,16.195
1804-06-01,20.617
1804-07-01,22.868000000000002
1804-08-01,22.234
1804-09-01,19.174
1804-10-01,10.245999999999999
1804-11-01,5.268
1804-12-01,-2.767
1805-01-01,-5.061
1805-02-01,-1.5659999999999998
1805-03-01,4.454
1805-04-01,10.188
1805-05-01,15.468
1805-06-01,20.724
1805-07-01,23.392
1805-08-01,23.22
1805-09-01,18.93
1805-10-01,9.096
1805-11-01,3.732
1805-12-01,2.593
1806-01-01,-3.428
1806-02-01,-0.07200000000000006
1806-03-01,0.0049999999999998926
1806-04-01,6.867000000000001
1806-05-01,15.713
1806-06-01,20.512
1806-07-01,21.596
1806-08-01,20.887
1806-09-01,17.714000000000006
1806-10-01,10.079999999999998
1806-11-01,4.1240000000000006
1806-12-01,-1.455
1807-01-01,-5.026
1807-02-01,-3.05
1807-03-01,0.5030000000000001
1807-04-01,7.81
1807-05-01,13.751
1807-06-01,19.12
1807-07-01,23.336
1807-08-01,21.898000000000003
1807-09-01,16.374000000000002
1807-10-01,10.824000000000002
1807-11-01,2.923
1807-12-01,1.6030000000000002
1808-01-01,-3.845
1808-02-01,-1.122
1808-03-01,3.143
1808-04-01,9.132
1808-05-01,13.839
1808-06-01,20.748
1808-07-01,22.654
1808-08-01,20.09
1808-09-01,16.869999999999994
1808-10-01,9.566
1808-11-01,4.473
1808-12-01,-0.7290000000000001
1809-01-01,-5.7379999999999995
1809-02-01,-4.295
1809-03-01,1.153
1809-04-01,8.633000000000001
1809-05-01,14.791
1809-06-01,19.915
1809-07-01,20.329
1809-08-01,20.432
1809-09-01,15.252999999999998
1809-10-01,13.446
1809-11-01,1.5319999999999998
1809-12-01,0.939
1810-01-01,-3.7
1810-02-01,-0.534
1810-03-01,1.853
1810-04-01,9.89
1810-05-01,15.198
1810-06-01,20.526
1810-07-01,21.029
1810-08-01,20.704
1810-09-01,16.973999999999997
1810-10-01,9.271999999999998
1810-11-01,2.863
1810-12-01,-1.886
1811-01-01,-3.491
1811-02-01,-3.458
1811-03-01,4.295
1811-04-01,7.987
1811-05-01,14.159
1811-06-01,20.248
1811-07-01,21.857
1811-08-01,20.537
1811-09-01,16.845999999999997
1811-10-01,11.681
1811-11-01,4.148
1811-12-01,-1.706
1812-01-01,-5.771
1812-02-01,-3.806
1812-03-01,-0.8519999999999999
1812-04-01,7.471
1812-05-01,11.781
1812-06-01,18.767
1812-07-01,20.84
1812-08-01,20.186
1812-09-01,14.723999999999998
1812-10-01,9.503
1812-11-01,3.016
1812-12-01,-2.286
1813-01-01,-5.83
1813-02-01,-3.088
1813-03-01,-0.31000000000000005
1813-04-01,8.785
1813-05-01,13.556
1813-06-01,19.967
1813-07-01,21.779
1813-08-01,21.923000000000002
1813-09-01,18.632
1813-10-01,9.392
1813-11-01,4.662
1813-12-01,-2.27
1814-01-01,-5.058
1814-02-01,-1.817
1814-03-01,0.6739999999999999
1814-04-01,8.627
1814-05-01,15.390999999999998
1814-06-01,19.209
1814-07-01,20.313
1814-08-01,20.419
1814-09-01,16.255
1814-10-01,8.789
1814-11-01,3.997
1814-12-01,-2.432
1815-01-01,-4.955
1815-02-01,-4.205
1815-03-01,2.185
1815-04-01,7.874
1815-05-01,12.425
1815-06-01,18.725
1815-07-01,22.936
1815-08-01,19.732
1815-09-01,15.467
1815-10-01,8.581
1815-11-01,3.516
1815-12-01,-3.0860000000000003
1816-01-01,-4.932
1816-02-01,-3.137
1816-03-01,0.1160000000000001
1816-04-01,6.961
1816-05-01,12.914000000000001
1816-06-01,17.331
1816-07-01,19.334
1816-08-01,20.068
1816-09-01,14.39
1816-10-01,9.363999999999999
1816-11-01,4.64
1816-12-01,-2.05
1817-01-01,-5.13
1817-02-01,-6.805
1817-03-01,0.3999999999999999
1817-04-01,7.706
1817-05-01,13.027000000000001
1817-06-01,17.391
1817-07-01,20.354
1817-08-01,20.691
1817-09-01,16.272000000000002
1817-10-01,7.656999999999999
1817-11-01,4.066
1817-12-01,-2.287
1818-01-01,-4.962
1818-02-01,-6.901
1818-03-01,1.561
1818-04-01,6.472
1818-05-01,13.597000000000001
1818-06-01,20.922
1818-07-01,22.436
1818-08-01,20.01
1818-09-01,14.913999999999998
1818-10-01,8.937999999999997
1818-11-01,4.902
1818-12-01,-4.3580000000000005
1819-01-01,-2.133
1819-02-01,-1.243
1819-03-01,-1.3100000000000005
1819-04-01,7.2890000000000015
1819-05-01,13.718
1819-06-01,20.124
1819-07-01,21.994
1819-08-01,21.087
1819-09-01,18.305
1819-10-01,9.099
1819-11-01,4.363
1819-12-01,-2.427
1820-01-01,-5.747000000000001
1820-02-01,-0.31000000000000005
1820-03-01,1.6119999999999999
1820-04-01,9.172
1820-05-01,13.935
1820-06-01,20.229
1820-07-01,23.847
1820-08-01,20.895
1820-09-01,17.491999999999994
1820-10-01,8.61
1820-11-01,1.805
1820-12-01,-3.721
1821-01-01,-7.500999999999999
1821-02-01,-0.6680000000000001
1821-03-01,0.6409999999999999
1821-04-01,5.807
1821-05-01,14.341
1821-06-01,20.323
1821-07-01,20.274
1821-08-01,22.056
1821-09-01,17.471999999999998
1821-10-01,9.326
1821-11-01,3.2840000000000003
1821-12-01,-3.009
1822-01-01,-5.651
1822-02-01,-2.8080000000000003
1822-03-01,4.125
1822-04-01,8.894
1822-05-01,16.257
1822-06-01,20.045
1822-07-01,23.048000000000002
1822-08-01,20.717
1822-09-01,18.381
1822-10-01,11.0
1822-11-01,5.805
1822-12-01,-1.712
1823-01-01,-2.729
1823-02-01,-5.593
1823-03-01,1.4240000000000002
1823-04-01,9.297
1823-05-01,14.305
1823-06-01,19.51
1823-07-01,22.39
1823-08-01,21.087
1823-09-01,15.422
1823-10-01,8.349
1823-11-01,0.9930000000000004
1823-12-01,-0.7969999999999999
1824-01-01,-0.8580000000000001
1824-02-01,-2.224
1824-03-01,1.64
1824-04-01,8.638
1824-05-01,13.99
1824-06-01,18.956
1824-07-01,21.513
1824-08-01,19.554000000000002
1824-09-01,16.162999999999997
1824-10-01,9.902
1824-11-01,3.332
1824-12-01,0.898
1825-01-01,-2.197
1825-02-01,-1.037
1825-03-01,4.918
1825-04-01,9.39
1825-05-01,15.135
1825-06-01,21.666
1825-07-01,24.576
1825-08-01,20.937
1825-09-01,16.166999999999998
1825-10-01,11.081
1825-11-01,3.474
1825-12-01,-1.636
1826-01-01,-2.644
1826-02-01,-0.909
1826-03-01,2.559
1826-04-01,6.492000000000001
1826-05-01,18.514
1826-06-01,20.402
1826-07-01,22.019000000000002
1826-08-01,21.579
1826-09-01,17.738
1826-10-01,10.786
1826-11-01,3.951
1826-12-01,-1.423
1827-01-01,-6.077000000000001
1827-02-01,-1.082
1827-03-01,3.2119999999999997
1827-04-01,10.398
1827-05-01,14.488
1827-06-01,19.153
1827-07-01,22.131
1827-08-01,20.617
1827-09-01,16.685
1827-10-01,10.450999999999999
1827-11-01,1.766
1827-12-01,-0.609
1828-01-01,-0.31499999999999995
1828-02-01,3.1010000000000004
1828-03-01,4.2360000000000015
1828-04-01,6.682
1828-05-01,15.455
1828-06-01,22.032
1828-07-01,21.876
1828-08-01,22.522
1828-09-01,16.814999999999998
1828-10-01,9.308
1828-11-01,5.11
1828-12-01,1.6220000000000003
1829-01-01,-3.848
1829-02-01,-6.041
1829-03-01,0.7229999999999999
1829-04-01,9.064
1829-05-01,16.483
1829-06-01,20.133
1829-07-01,21.186
1829-08-01,21.474
1829-09-01,14.55
1829-10-01,9.866
1829-11-01,3.675
1829-12-01,2.8040000000000003
1830-01-01,-3.484
1830-02-01,-2.744
1830-03-01,3.577
1830-04-01,10.872
1830-05-01,14.869000000000002
1830-06-01,19.348
1830-07-01,23.642
1830-08-01,21.749
1830-09-01,16.552
1830-10-01,11.284999999999998
1830-11-01,7.838999999999999
1830-12-01,0.32799999999999996
1831-01-01,-5.731
1831-02-01,-4.7669999999999995
1831-03-01,4.738
1831-04-01,9.4
1831-05-01,15.541
1831-06-01,21.765
1831-07-01,22.197
1831-08-01,21.932
1831-09-01,16.881999999999998
1831-10-01,10.633
1831-11-01,3.576
1831-12-01,-7.383999999999999
1832-01-01,-3.465
1832-02-01,-2.131
1832-03-01,3.02
1832-04-01,7.499
1832-05-01,13.33
1832-06-01,18.978
1832-07-01,21.203000000000007
1832-08-01,20.796
1832-09-01,16.093999999999998
1832-10-01,9.995
1832-11-01,4.6850000000000005
1832-12-01,-0.258
1833-01-01,-0.8399999999999999
1833-02-01,-2.744
1833-03-01,1.2209999999999999
1833-04-01,10.386
1833-05-01,15.908
1833-06-01,17.506
1833-07-01,21.611
1833-08-01,19.515
1833-09-01,16.113
1833-10-01,9.247
1833-11-01,2.833
1833-12-01,-0.9179999999999999
1834-01-01,-4.558
1834-02-01,1.475
1834-03-01,3.307
1834-04-01,9.319
1834-05-01,14.130999999999998
1834-06-01,18.643
1834-07-01,23.326
1834-08-01,20.775
1834-09-01,16.153
1834-10-01,8.427999999999999
1834-11-01,3.103
1834-12-01,-2.2880000000000003
1835-01-01,-3.81
1835-02-01,-4.937
1835-03-01,1.079
1835-04-01,7.606
1835-05-01,14.537
1835-06-01,19.254
1835-07-01,21.758000000000006
1835-08-01,20.067
1835-09-01,14.264
1835-10-01,11.718
1835-11-01,4.59
1835-12-01,-4.426
1836-01-01,-3.985
1836-02-01,-7.0379999999999985
1836-03-01,-1.0
1836-04-01,7.091000000000001
1836-05-01,14.962000000000002
1836-06-01,17.855999999999995
1836-07-01,21.836
1836-08-01,18.567
1836-09-01,16.142
1836-10-01,6.387999999999999
1836-11-01,2.044
1836-12-01,-2.6910000000000003
1837-01-01,-6.13
1837-02-01,-2.8840000000000003
1837-03-01,0.6739999999999999
1837-04-01,6.823
1837-05-01,13.327
1837-06-01,18.45
1837-07-01,20.317
1837-08-01,19.473
1837-09-01,15.002
1837-10-01,9.222
1837-11-01,4.322
1837-12-01,-1.152
1838-01-01,0.03000000000000025
1838-02-01,-6.68
1838-03-01,3.005
1838-04-01,5.819000000000001
1838-05-01,12.951
1838-06-01,20.913
1838-07-01,23.811
1838-08-01,21.735
1838-09-01,16.805
1838-10-01,8.553999999999998
1838-11-01,1.849
1838-12-01,-4.002
1839-01-01,-3.523
1839-02-01,-1.3010000000000002
1839-03-01,2.71
1839-04-01,9.949
1839-05-01,14.723
1839-06-01,17.493000000000002
1839-07-01,21.913
1839-08-01,19.658
1839-09-01,16.480999999999998
1839-10-01,11.094
1839-11-01,2.03
1839-12-01,-1.186
1840-01-01,-6.987
1840-02-01,0.6579999999999999
1840-03-01,3.758
1840-04-01,10.104
1840-05-01,14.932
1840-06-01,19.101
1840-07-01,21.937
1840-08-01,21.611
1840-09-01,15.310999999999998
1840-10-01,10.142
1840-11-01,3.862
1840-12-01,-3.145
1841-01-01,-2.384
1841-02-01,-3.845
1841-03-01,1.785
1841-04-01,6.6629999999999985
1841-05-01,13.312000000000001
1841-06-01,20.96
1841-07-01,21.768
1841-08-01,21.321
1841-09-01,17.83
1841-10-01,7.677999999999999
1841-11-01,3.335
1841-12-01,-0.433
1842-01-01,-1.2229999999999999
1842-02-01,1.045
1842-03-01,5.699
1842-04-01,9.697000000000001
1842-05-01,13.233
1842-06-01,18.047
1842-07-01,22.087
1842-08-01,20.521
1842-09-01,15.845999999999998
1842-10-01,8.968
1842-11-01,1.564
1842-12-01,-2.579
1843-01-01,-0.29899999999999993
1843-02-01,-6.1320000000000014
1843-03-01,-3.095
1843-04-01,7.6880000000000015
1843-05-01,13.886
1843-06-01,19.624
1843-07-01,21.662
1843-08-01,21.385
1843-09-01,17.811999999999994
1843-10-01,8.443
1843-11-01,1.92
1843-12-01,-1.0
1844-01-01,-6.5280000000000005
1844-02-01,-2.802
1844-03-01,2.862
1844-04-01,11.526
1844-05-01,16.139
1844-06-01,19.193
1844-07-01,21.457
1844-08-01,20.441
1844-09-01,16.433999999999994
1844-10-01,9.099
1844-11-01,3.221
1844-12-01,-1.6569999999999998
1845-01-01,-1.403
1845-02-01,-2.004
1845-03-01,4.099
1845-04-01,8.913
1845-05-01,13.932
1845-06-01,19.628
1845-07-01,22.461
1845-08-01,22.139
1845-09-01,16.084
1845-10-01,10.335999999999999
1845-11-01,4.926
1845-12-01,-5.252000000000002
1846-01-01,-2.6639999999999997
1846-02-01,-4.496
1846-03-01,2.938
1846-04-01,9.825
1846-05-01,15.503
1846-06-01,18.63
1846-07-01,21.292
1846-08-01,21.46
1846-09-01,19.076
1846-10-01,9.424
1846-11-01,6.455
1846-12-01,-1.5759999999999998
1847-01-01,-2.556
1847-02-01,-2.094
1847-03-01,0.625
1847-04-01,7.8320000000000025
1847-05-01,14.436
1847-06-01,18.849
1847-07-01,22.476
1847-08-01,20.616
1847-09-01,16.038999999999998
1847-10-01,8.59
1847-11-01,5.917999999999998
1847-12-01,0.922
1848-01-01,-0.7890000000000001
1848-02-01,-2.153
1848-03-01,1.359
1848-04-01,8.943999999999997
1848-05-01,15.853000000000002
1848-06-01,19.965
1848-07-01,21.164
1848-08-01,21.087
1848-09-01,15.093999999999998
1848-10-01,9.847
1848-11-01,2.083
1848-12-01,1.991
1849-01-01,-4.96
1849-02-01,-5.33
1849-03-01,2.794
1849-04-01,7.5710000000000015
1849-05-01,12.707
1849-06-01,19.941
1849-07-01,21.545
1849-08-01,20.897
1849-09-01,15.933999999999996
1849-10-01,9.337
1849-11-01,7.442
1849-12-01,-1.88
1850-01-01,-1.301
1850-02-01,-0.4950000000000001
1850-03-01,1.5479999999999998
1850-04-01,6.1789999999999985
1850-05-01,11.761
1850-06-01,19.565
1850-07-01,22.421
1850-08-01,20.14
1850-09-01,16.014999999999993
1850-10-01,9.806
1850-11-01,5.43
1850-12-01,-1.92
1851-01-01,-1.802
1851-02-01,0.2919999999999998
1851-03-01,3.734
1851-04-01,8.265
1851-05-01,14.085
1851-06-01,18.464
1851-07-01,21.932
1851-08-01,20.069000000000006
1851-09-01,17.014999999999993
1851-10-01,11.102
1851-11-01,2.595
1851-12-01,-4.589
1852-01-01,-5.920999999999999
1852-02-01,-1.806
1852-03-01,1.5779999999999998
1852-04-01,5.6270000000000024
1852-05-01,14.724
1852-06-01,19.336
1852-07-01,22.329
1852-08-01,19.844
1852-09-01,15.768999999999998
1852-10-01,11.17
1852-11-01,3.147
1852-12-01,1.99
1853-01-01,-2.6639999999999997
1853-02-01,-0.8
1853-03-01,3.3080000000000003
1853-04-01,8.349
1853-05-01,14.851
1853-06-01,20.74
1853-07-01,21.35
1853-08-01,21.311
1853-09-01,17.169999999999998
1853-10-01,8.879999999999997
1853-11-01,5.372000000000001
1853-12-01,-1.766
1854-01-01,-3.067
1854-02-01,-2.648
1854-03-01,2.399
1854-04-01,7.254
1854-05-01,15.649000000000001
1854-06-01,19.873
1854-07-01,23.623
1854-08-01,21.64
1854-09-01,17.705
1854-10-01,11.456
1854-11-01,4.633
1854-12-01,-3.781
1855-01-01,-1.7469999999999999
1855-02-01,-5.5120000000000005
1855-03-01,1.315
1855-04-01,8.022
1855-05-01,14.373
1855-06-01,18.627
1855-07-01,22.712
1855-08-01,20.022
1855-09-01,17.122
1855-10-01,9.844
1855-11-01,5.211
1855-12-01,-0.636
1856-01-01,-7.622000000000001
1856-02-01,-5.897
1856-03-01,-1.925
1856-04-01,9.125
1856-05-01,13.322000000000001
1856-06-01,20.571
1856-07-01,23.301
1856-08-01,19.74
1856-09-01,17.043
1856-10-01,9.693
1856-11-01,4.107
1856-12-01,-3.028
1857-01-01,-9.162
1857-02-01,0.8609999999999998
1857-03-01,0.7170000000000001
1857-04-01,5.189
1857-05-01,13.299000000000001
1857-06-01,18.173
1857-07-01,21.797
1857-08-01,20.498
1857-09-01,16.355999999999998
1857-10-01,9.579
1857-11-01,3.8369999999999997
1857-12-01,1.041
1858-01-01,0.33599999999999985
1858-02-01,-5.011
1858-03-01,1.2229999999999999
1858-04-01,8.166
1858-05-01,12.645
1858-06-01,21.027
1858-07-01,22.095
1858-08-01,20.228
1858-09-01,16.302999999999994
1858-10-01,11.454
1858-11-01,2.194
1858-12-01,-1.068
1859-01-01,-2.83
1859-02-01,-0.7070000000000001
1859-03-01,5.327000000000001
1859-04-01,7.4010000000000025
1859-05-01,15.431
1859-06-01,18.037
1859-07-01,21.121
1859-08-01,20.396
1859-09-01,15.397999999999998
1859-10-01,8.480999999999998
1859-11-01,5.322
1859-12-01,-3.338
1860-01-01,-2.43
1860-02-01,-2.914
1860-03-01,3.9989999999999997
1860-04-01,7.568
1860-05-01,15.178
1860-06-01,19.09
1860-07-01,21.274
1860-08-01,20.992
1860-09-01,15.394999999999998
1860-10-01,10.345999999999998
1860-11-01,5.02
1860-12-01,-3.303
1861-01-01,-4.296
1861-02-01,0.02300000000000013
1861-03-01,2.059
1861-04-01,8.676
1861-05-01,12.61
1861-06-01,19.752
1861-07-01,21.603
1861-08-01,20.322
1861-09-01,17.203
1861-10-01,12.23
1861-11-01,3.8760000000000003
1861-12-01,-0.45
1862-01-01,-3.489
1862-02-01,-3.157
1862-03-01,1.0799999999999998
1862-04-01,7.417999999999998
1862-05-01,14.567
1862-06-01,17.847
1862-07-01,21.078000000000007
1862-08-01,21.383000000000006
1862-09-01,17.026999999999994
1862-10-01,11.344
1862-11-01,4.038
1862-12-01,-1.168
1863-01-01,-1.1309999999999998
1863-02-01,-2.471
1863-03-01,-0.98
1863-04-01,7.6370000000000005
1863-05-01,15.293
1863-06-01,17.979
1863-07-01,22.359
1863-08-01,22.709
1863-09-01,14.850999999999999
1863-10-01,9.646999999999998
1863-11-01,5.277
1863-12-01,-2.112
1864-01-01,-3.1069999999999998
1864-02-01,-1.3210000000000002
1864-03-01,1.577
1864-04-01,7.024000000000001
1864-05-01,15.902000000000001
1864-06-01,19.319000000000006
1864-07-01,22.217
1864-08-01,22.297
1864-09-01,15.285999999999998
1864-10-01,9.216
1864-11-01,4.3610000000000015
1864-12-01,-1.2990000000000002
1865-01-01,-6.48
1865-02-01,-3.153
1865-03-01,4.881
1865-04-01,9.6
1865-05-01,14.532
1865-06-01,21.632
1865-07-01,21.536
1865-08-01,20.448
1865-09-01,19.154
1865-10-01,9.368
1865-11-01,4.562
1865-12-01,-0.42
1866-01-01,-4.809
1866-02-01,-2.487
1866-03-01,0.77
1866-04-01,9.617
1866-05-01,12.982000000000001
1866-06-01,19.502
1866-07-01,23.508000000000006
1866-08-01,18.373
1866-09-01,16.953999999999994
1866-10-01,10.608999999999998
1866-11-01,5.0310000000000015
1866-12-01,-2.647
1867-01-01,-6.979
1867-02-01,0.556
1867-03-01,0.1469999999999998
1867-04-01,8.4
1867-05-01,12.157
1867-06-01,19.543
1867-07-01,21.073
1867-08-01,20.925
1867-09-01,16.451999999999998
1867-10-01,10.6
1867-11-01,4.535
1867-12-01,-4.386
1868-01-01,-5.6160000000000005
1868-02-01,-7.239
1868-03-01,1.506
1868-04-01,5.7700000000000005
1868-05-01,12.304
1868-06-01,18.83
1868-07-01,24.221
1868-08-01,21.58
1868-09-01,16.232
1868-10-01,8.366999999999999
1868-11-01,3.62
1868-12-01,-4.188
1869-01-01,-1.385
1869-02-01,-0.867
1869-03-01,-0.2669999999999999
1869-04-01,8.383000000000001
1869-05-01,13.209000000000001
1869-06-01,19.151
1869-07-01,21.261
1869-08-01,20.58
1869-09-01,17.185
1869-10-01,7.812999999999999
1869-11-01,2.0340000000000003
1869-12-01,-0.903
1870-01-01,0.685
1870-02-01,-2.639
1870-03-01,-0.29000000000000004
1870-04-01,8.939
1870-05-01,14.852
1870-06-01,21.508000000000006
1870-07-01,23.282
1870-08-01,22.115
1870-09-01,17.538999999999998
1870-10-01,11.363
1870-11-01,4.627
1870-12-01,-1.5579999999999998
1871-01-01,-4.312
1871-02-01,-2.8840000000000003
1871-03-01,5.127000000000002
1871-04-01,9.73
1871-05-01,14.717
1871-06-01,19.375
1871-07-01,20.934
1871-08-01,21.704
1871-09-01,14.095
1871-10-01,11.145
1871-11-01,1.706
1871-12-01,-4.081
1872-01-01,-4.27
1872-02-01,-3.67
1872-03-01,-2.656
1872-04-01,8.34
1872-05-01,15.432
1872-06-01,20.337
1872-07-01,23.505
1872-08-01,22.549
1872-09-01,17.198999999999998
1872-10-01,9.652
1872-11-01,2.492
1872-12-01,-5.648
1873-01-01,-5.29
1873-02-01,-4.057
1873-03-01,0.16699999999999982
1873-04-01,6.8770000000000024
1873-05-01,13.757
1873-06-01,19.933
1873-07-01,22.633000000000006
1873-08-01,20.525
1873-09-01,16.43
1873-10-01,10.133
1873-11-01,0.3280000000000003
1873-12-01,-0.15899999999999992
1874-01-01,-0.8999999999999999
1874-02-01,-2.6340000000000003
1874-03-01,1.713
1874-04-01,3.95
1874-05-01,14.024000000000001
1874-06-01,20.39
1874-07-01,22.0
1874-08-01,19.79
1874-09-01,17.889999999999993
1874-10-01,10.28
1874-11-01,3.607
1874-12-01,-1.426
1875-01-01,-6.7970000000000015
1875-02-01,-6.74
1875-03-01,-0.879
1875-04-01,5.2280000000000015
1875-05-01,14.32
1875-06-01,19.525
1875-07-01,21.869
1875-08-01,20.948
1875-09-01,15.729
1875-10-01,9.411
1875-11-01,1.5990000000000002
1875-12-01,-1.345
1876-01-01,0.04700000000000015
1876-02-01,-1.405
1876-03-01,0.8119999999999998
1876-04-01,7.355
1876-05-01,14.39
1876-06-01,21.679
1876-07-01,24.349
1876-08-01,22.385
1876-09-01,15.769999999999998
1876-10-01,8.055
1876-11-01,5.11
1876-12-01,-6.311
1877-01-01,-5.207999999999998
1877-02-01,0.2490000000000001
1877-03-01,1.5630000000000002
1877-04-01,8.440000000000001
1877-05-01,14.511
1877-06-01,20.431
1877-07-01,22.857
1877-08-01,22.604
1877-09-01,17.752999999999997
1877-10-01,11.652
1877-11-01,5.4620000000000015
1877-12-01,1.528
1878-01-01,-2.657
1878-02-01,-0.903
1878-03-01,5.555
1878-04-01,11.43
1878-05-01,14.368
1878-06-01,18.366
1878-07-01,23.71
1878-08-01,21.614
1878-09-01,18.101
1878-10-01,12.183
1878-11-01,4.553
1878-12-01,-1.742
1879-01-01,-5.456
1879-02-01,-4.322
1879-03-01,2.122
1879-04-01,6.9929999999999986
1879-05-01,15.736
1879-06-01,19.953
1879-07-01,22.548000000000002
1879-08-01,20.866
1879-09-01,15.833999999999998
1879-10-01,13.725
1879-11-01,4.0
1879-12-01,0.467
1880-01-01,1.3379999999999996
1880-02-01,0.1589999999999998
1880-03-01,1.6740000000000002
1880-04-01,8.866
1880-05-01,18.205
1880-06-01,21.172
1880-07-01,22.743000000000002
1880-08-01,20.989
1880-09-01,17.488
1880-10-01,9.829
1880-11-01,2.082
1880-12-01,-4.687
1881-01-01,-6.525
1881-02-01,-3.655
1881-03-01,1.702
1881-04-01,6.747000000000001
1881-05-01,16.118000000000002
1881-06-01,17.559
1881-07-01,22.059
1881-08-01,21.738000000000003
1881-09-01,21.002
1881-10-01,12.7
1881-11-01,5.502000000000002
1881-12-01,2.3000000000000003
1882-01-01,-3.54
1882-02-01,-0.345
1882-03-01,3.083
1882-04-01,7.009
1882-05-01,11.739
1882-06-01,19.691
1882-07-01,22.183000000000003
1882-08-01,20.892
1882-09-01,17.738999999999994
1882-10-01,12.380999999999998
1882-11-01,2.63
1882-12-01,-2.769
1883-01-01,-5.568
1883-02-01,-2.206
1883-03-01,-0.8690000000000002
1883-04-01,7.1590000000000025
1883-05-01,14.315
1883-06-01,20.842
1883-07-01,21.98
1883-08-01,19.576
1883-09-01,15.270999999999995
1883-10-01,9.457
1883-11-01,4.865
1883-12-01,-1.758
1884-01-01,-5.763
1884-02-01,-0.214
1884-03-01,1.537
1884-04-01,7.5790000000000015
1884-05-01,14.48
1884-06-01,19.986
1884-07-01,20.577
1884-08-01,20.962
1884-09-01,18.941
1884-10-01,11.267999999999999
1884-11-01,4.008
1884-12-01,-1.058
1885-01-01,-3.833
1885-02-01,-7.3610000000000015
1885-03-01,-2.88
1885-04-01,7.87
1885-05-01,13.452
1885-06-01,19.317
1885-07-01,22.917
1885-08-01,20.314
1885-09-01,15.945999999999998
1885-10-01,10.185
1885-11-01,4.981
1885-12-01,-0.45799999999999996
1886-01-01,-5.007
1886-02-01,-3.688
1886-03-01,1.6869999999999998
1886-04-01,9.828
1886-05-01,14.282
1886-06-01,18.231
1886-07-01,21.623
1886-08-01,20.253
1886-09-01,17.558
1886-10-01,11.127
1886-11-01,4.79
1886-12-01,-3.898
1887-01-01,-4.5680000000000005
1887-02-01,-1.554
1887-03-01,-0.6280000000000001
1887-04-01,7.0390000000000015
1887-05-01,16.948
1887-06-01,19.626
1887-07-01,24.494
1887-08-01,20.242
1887-09-01,15.075
1887-10-01,9.800999999999998
1887-11-01,3.886
1887-12-01,-1.128
1888-01-01,-6.698
1888-02-01,-3.2110000000000003
1888-03-01,-1.471
1888-04-01,7.2189999999999985
1888-05-01,13.896
1888-06-01,20.496
1888-07-01,20.565
1888-08-01,21.049
1888-09-01,15.707
1888-10-01,7.5699999999999985
1888-11-01,5.329
1888-12-01,-0.774
1889-01-01,-0.10599999999999987
1889-02-01,-4.769
1889-03-01,3.175
1889-04-01,9.16
1889-05-01,15.909
1889-06-01,19.831
1889-07-01,21.693
1889-08-01,20.049
1889-09-01,16.776
1889-10-01,8.419999999999998
1889-11-01,5.5760000000000005
1889-12-01,2.5610000000000004
1890-01-01,1.69
1890-02-01,1.851
1890-03-01,0.7290000000000001
1890-04-01,8.266
1890-05-01,14.642000000000001
1890-06-01,20.175
1890-07-01,21.094
1890-08-01,20.351
1890-09-01,16.563
1890-10-01,9.829999999999998
1890-11-01,4.045
1890-12-01,-3.833
1891-01-01,-1.767
1891-02-01,0.3689999999999998
1891-03-01,1.043
1891-04-01,9.531
1891-05-01,14.018
1891-06-01,19.833
1891-07-01,20.071
1891-08-01,21.252
1891-09-01,18.955
1891-10-01,9.917
1891-11-01,3.747
1891-12-01,2.999
1892-01-01,-3.632
1892-02-01,-1.189
1892-03-01,-0.31899999999999995
1892-04-01,8.099
1892-05-01,14.234000000000002
1892-06-01,21.58
1892-07-01,22.373
1892-08-01,21.694000000000006
1892-09-01,16.354
1892-10-01,10.015
1892-11-01,3.463
1892-12-01,-2.9
1893-01-01,-7.7029999999999985
1893-02-01,-3.5860000000000003
1893-03-01,0.6000000000000001
1893-04-01,7.586
1893-05-01,14.262
1893-06-01,20.279
1893-07-01,21.89
1893-08-01,21.495
1893-09-01,15.302999999999995
1893-10-01,11.350999999999999
1893-11-01,3.676
1893-12-01,-1.002
1894-01-01,-1.153
1894-02-01,-3.853
1894-03-01,4.85
1894-04-01,8.264000000000001
1894-05-01,15.23
1894-06-01,20.655
1894-07-01,23.328000000000007
1894-08-01,20.488000000000003
1894-09-01,18.684
1894-10-01,11.148
1894-11-01,2.494
1894-12-01,-0.7070000000000001
1895-01-01,-4.477
1895-02-01,-6.385
1895-03-01,0.6819999999999999
1895-04-01,8.174
1895-05-01,15.47
1895-06-01,21.468000000000004
1895-07-01,20.517
1895-08-01,21.864
1895-09-01,19.157
1895-10-01,7.8809999999999985
1895-11-01,5.692
1895-12-01,0.5910000000000001
1896-01-01,-4.416
1896-02-01,-2.15
1896-03-01,-0.9220000000000002
1896-04-01,10.307
1896-05-01,17.45
1896-06-01,19.009
1896-07-01,22.74
1896-08-01,21.743
1896-09-01,16.866
1896-10-01,9.082
1896-11-01,6.893
1896-12-01,-2.454
1897-01-01,-3.377
1897-02-01,-1.642
1897-03-01,2.897
1897-04-01,9.128
1897-05-01,14.885
1897-06-01,17.94
1897-07-01,22.668000000000006
1897-08-01,20.339
1897-09-01,17.048
1897-10-01,11.418
1897-11-01,4.6850000000000005
1897-12-01,-0.409
1898-01-01,-1.905
1898-02-01,-1.371
1898-03-01,6.085
1898-04-01,7.278
1898-05-01,14.055
1898-06-01,20.583
1898-07-01,23.2
1898-08-01,22.29
1898-09-01,18.823
1898-10-01,11.655
1898-11-01,3.948
1898-12-01,-1.789
1899-01-01,-3.674
1899-02-01,-4.893000000000002
1899-03-01,1.47
1899-04-01,8.718
1899-05-01,15.322000000000001
1899-06-01,21.169
1899-07-01,22.123
1899-08-01,21.242
1899-09-01,16.348
1899-10-01,11.843
1899-11-01,4.52
1899-12-01,-0.109
1900-01-01,-2.214
1900-02-01,-2.4770000000000003
1900-03-01,-0.07000000000000027
1900-04-01,9.069
1900-05-01,14.919
1900-06-01,20.527
1900-07-01,23.409
1900-08-01,23.384
1900-09-01,19.555999999999997
1900-10-01,13.779000000000002
1900-11-01,6.318
1900-12-01,-1.4240000000000002
1901-01-01,-2.607
1901-02-01,-5.641
1901-03-01,2.0709999999999997
1901-04-01,8.276
1901-05-01,14.068
1901-06-01,20.635
1901-07-01,24.42
1901-08-01,22.001
1901-09-01,17.84
1901-10-01,10.636
1901-11-01,1.67
1901-12-01,-1.901
1902-01-01,-4.177
1902-02-01,-3.9930000000000003
1902-03-01,5.239
1902-04-01,8.937999999999997
1902-05-01,14.591
1902-06-01,18.569000000000006
1902-07-01,21.605
1902-08-01,19.98
1902-09-01,16.651
1902-10-01,11.261
1902-11-01,7.567
1902-12-01,-3.074
1903-01-01,-3.261
1903-02-01,-1.226
1903-03-01,7.505
1903-04-01,9.015
1903-05-01,16.141000000000002
1903-06-01,16.727999999999998
1903-07-01,21.719
1903-08-01,18.566
1903-09-01,16.951999999999998
1903-10-01,11.368
1903-11-01,2.624
1903-12-01,-4.275
1904-01-01,-7.506
1904-02-01,-6.122000000000001
1904-03-01,0.997
1904-04-01,6.769
1904-05-01,16.42
1904-06-01,19.499
1904-07-01,21.380000000000006
1904-08-01,20.113
1904-09-01,16.584999999999994
1904-10-01,9.015
1904-11-01,2.491
1904-12-01,-5.215
1905-01-01,-5.011
1905-02-01,-6.806
1905-03-01,2.427
1905-04-01,8.683
1905-05-01,15.311
1905-06-01,19.343
1905-07-01,22.877
1905-08-01,20.336
1905-09-01,17.118
1905-10-01,11.040999999999999
1905-11-01,3.604
1905-12-01,0.2820000000000001
1906-01-01,0.3810000000000002
1906-02-01,-2.873
1906-03-01,-0.7130000000000001
1906-04-01,9.197000000000001
1906-05-01,15.203
1906-06-01,20.498
1906-07-01,22.101
1906-08-01,22.594
1906-09-01,18.993
1906-10-01,10.940999999999999
1906-11-01,4.493
1906-12-01,-2.053
1907-01-01,-2.736
1907-02-01,-7.0539999999999985
1907-03-01,3.359
1907-04-01,5.912000000000001
1907-05-01,11.828
1907-06-01,17.479
1907-07-01,22.126
1907-08-01,20.225
1907-09-01,17.941
1907-10-01,8.366
1907-11-01,4.289
1907-12-01,0.16200000000000006
1908-01-01,-2.37
1908-02-01,-4.464
1908-03-01,3.384
1908-04-01,8.894
1908-05-01,15.525
1908-06-01,20.235
1908-07-01,23.476
1908-08-01,20.499
1908-09-01,17.869
1908-10-01,12.114
1908-11-01,4.333
1908-12-01,-1.087
1909-01-01,-1.883
1909-02-01,1.023
1909-03-01,1.791
1909-04-01,8.427
1909-05-01,14.515
1909-06-01,20.131
1909-07-01,21.007
1909-08-01,20.072
1909-09-01,16.639
1909-10-01,9.011
1909-11-01,6.416
1909-12-01,-3.029
1910-01-01,-3.25
1910-02-01,-3.132
1910-03-01,5.609
1910-04-01,10.898
1910-05-01,14.538
1910-06-01,18.466
1910-07-01,23.063000000000002
1910-08-01,20.184
1910-09-01,18.084
1910-10-01,12.27
1910-11-01,2.935
1910-12-01,-5.034
1911-01-01,-1.34
1911-02-01,-2.718
1911-03-01,1.3559999999999999
1911-04-01,7.295
1911-05-01,17.598
1911-06-01,19.391
1911-07-01,23.482
1911-08-01,21.303
1911-09-01,17.520999999999994
1911-10-01,10.339
1911-11-01,3.201
1911-12-01,1.4900000000000002
1912-01-01,-7.67
1912-02-01,-4.206
1912-03-01,1.006
1912-04-01,8.802999999999997
1912-05-01,15.826
1912-06-01,18.857
1912-07-01,22.483
1912-08-01,19.769
1912-09-01,17.287999999999997
1912-10-01,12.184
1912-11-01,5.777
1912-12-01,0.7580000000000001
1913-01-01,2.011
1913-02-01,-3.157
1913-03-01,5.6069999999999975
1913-04-01,9.991
1913-05-01,14.470999999999998
1913-06-01,19.85
1913-07-01,22.471
1913-08-01,21.185
1913-09-01,16.506999999999998
1913-10-01,12.960999999999999
1913-11-01,6.175
1913-12-01,1.1
1914-01-01,-2.846
1914-02-01,-6.206
1914-03-01,0.5640000000000001
1914-04-01,7.525
1914-05-01,16.211000000000002
1914-06-01,19.075
1914-07-01,21.145
1914-08-01,21.668000000000006
1914-09-01,16.641
1914-10-01,12.847
1914-11-01,4.256
1914-12-01,-2.603
1915-01-01,-1.3719999999999999
1915-02-01,0.2349999999999999
1915-03-01,0.8849999999999998
1915-04-01,11.45
1915-05-01,13.124
1915-06-01,18.682
1915-07-01,21.609
1915-08-01,20.103
1915-09-01,19.081
1915-10-01,11.619000000000002
1915-11-01,4.9910000000000005
1915-12-01,-2.156
1916-01-01,-0.43000000000000016
1916-02-01,-4.44
1916-03-01,-1.91
1916-04-01,7.86
1916-05-01,15.089
1916-06-01,17.155
1916-07-01,22.861
1916-08-01,21.945
1916-09-01,17.233999999999998
1916-10-01,11.133
1916-11-01,4.38
1916-12-01,-1.7
1917-01-01,-2.5540000000000003
1917-02-01,-4.173
1917-03-01,1.98
1917-04-01,8.044
1917-05-01,10.848
1917-06-01,19.536
1917-07-01,22.505
1917-08-01,22.38
1917-09-01,15.224999999999998
1917-10-01,8.875
1917-11-01,2.844
1917-12-01,-6.579
1918-01-01,-8.596
1918-02-01,-3.822
1918-03-01,4.086
1918-04-01,8.775
1918-05-01,17.544
1918-06-01,18.173
1918-07-01,21.589000000000002
1918-08-01,22.602
1918-09-01,15.275
1918-10-01,12.262
1918-11-01,5.247000000000001
1918-12-01,0.958
1919-01-01,-0.7549999999999999
1919-02-01,-0.556
1919-03-01,4.797
1919-04-01,8.327
1919-05-01,15.071000000000002
1919-06-01,20.588
1919-07-01,22.202
1919-08-01,19.674
1919-09-01,17.423
1919-10-01,13.03
1919-11-01,4.666
1919-12-01,-3.9019999999999997
1920-01-01,-7.051
1920-02-01,-4.0790000000000015
1920-03-01,2.495
1920-04-01,7.336
1920-05-01,13.47
1920-06-01,19.026
1920-07-01,20.997
1920-08-01,21.548000000000002
1920-09-01,18.139
1920-10-01,13.742
1920-11-01,4.247
1920-12-01,0.4520000000000001
1921-01-01,-1.422
1921-02-01,-0.9360000000000002
1921-03-01,7.751
1921-04-01,12.415
1921-05-01,15.046
1921-06-01,20.407
1921-07-01,23.957
1921-08-01,19.764
1921-09-01,19.814
1921-10-01,10.807
1921-11-01,4.9910000000000005
1921-12-01,-1.633
1922-01-01,-4.633
1922-02-01,-0.861
1922-03-01,3.739
1922-04-01,9.192
1922-05-01,16.266000000000002
1922-06-01,20.671
1922-07-01,21.88
1922-08-01,20.634
1922-09-01,18.102999999999998
1922-10-01,12.073
1922-11-01,5.212999999999999
1922-12-01,-1.837
1923-01-01,-3.729
1923-02-01,-5.401
1923-03-01,1.2329999999999999
1923-04-01,8.841000000000003
1923-05-01,14.028
1923-06-01,21.221
1923-07-01,21.243000000000002
1923-08-01,20.306
1923-09-01,18.215
1923-10-01,10.572
1923-11-01,4.626
1923-12-01,3.002
1924-01-01,-1.887
1924-02-01,-3.935
1924-03-01,2.208
1924-04-01,7.5520000000000005
1924-05-01,12.432
1924-06-01,18.298
1924-07-01,21.399
1924-08-01,21.107
1924-09-01,15.360999999999999
1924-10-01,10.956
1924-11-01,4.422
1924-12-01,-1.682
1925-01-01,-5.131
1925-02-01,0.903
1925-03-01,4.811
1925-04-01,9.563
1925-05-01,13.236
1925-06-01,22.045
1925-07-01,21.223000000000006
1925-08-01,20.746
1925-09-01,18.259
1925-10-01,7.6469999999999985
1925-11-01,4.0310000000000015
1925-12-01,-0.6679999999999999
1926-01-01,-2.63
1926-02-01,-3.409
1926-03-01,0.10599999999999987
1926-04-01,6.487
1926-05-01,14.104000000000001
1926-06-01,17.142
1926-07-01,22.073
1926-08-01,21.52
1926-09-01,16.686
1926-10-01,9.896
1926-11-01,4.548
1926-12-01,-4.021
1927-01-01,-3.511
1927-02-01,0.3489999999999997
1927-03-01,4.3180000000000005
1927-04-01,7.4670000000000005
1927-05-01,13.348
1927-06-01,17.581
1927-07-01,21.659
1927-08-01,18.509
1927-09-01,17.384999999999998
1927-10-01,12.409
1927-11-01,7.0070000000000014
1927-12-01,-0.17999999999999994
1928-01-01,-1.456
1928-02-01,-1.839
1928-03-01,1.995
1928-04-01,7.317
1928-05-01,13.698
1928-06-01,18.203
1928-07-01,22.829
1928-08-01,22.596
1928-09-01,15.839
1928-10-01,11.899
1928-11-01,5.7879999999999985
1928-12-01,1.015
1929-01-01,-2.641
1929-02-01,-2.111
1929-03-01,5.597
1929-04-01,9.32
1929-05-01,14.667
1929-06-01,20.106
1929-07-01,22.1
1929-08-01,20.149
1929-09-01,18.498
1929-10-01,9.812
1929-11-01,5.228
1929-12-01,-1.139
1930-01-01,-2.358
1930-02-01,0.1080000000000001
1930-03-01,3.0010000000000003
1930-04-01,7.602
1930-05-01,15.909
1930-06-01,21.094
1930-07-01,22.524
1930-08-01,20.966
1930-09-01,19.382
1930-10-01,10.174
1930-11-01,5.322
1930-12-01,-1.058
1931-01-01,-2.447
1931-02-01,-1.1909999999999998
1931-03-01,2.893
1931-04-01,8.907
1931-05-01,15.101
1931-06-01,19.984
1931-07-01,23.715
1931-08-01,21.866
1931-09-01,19.935
1931-10-01,12.931
1931-11-01,8.555
1931-12-01,2.06
1932-01-01,3.61
1932-02-01,0.16199999999999992
1932-03-01,1.132
1932-04-01,7.66
1932-05-01,15.261
1932-06-01,19.545
1932-07-01,22.038
1932-08-01,22.045
1932-09-01,17.901999999999994
1932-10-01,11.908
1932-11-01,3.701
1932-12-01,0.273
1933-01-01,1.709
1933-02-01,-1.0270000000000001
1933-03-01,1.909
1933-04-01,9.094
1933-05-01,16.317999999999998
1933-06-01,20.86
1933-07-01,22.375
1933-08-01,21.433000000000003
1933-09-01,18.464
1933-10-01,10.392
1933-11-01,2.799
1933-12-01,-2.217
1934-01-01,-1.209
1934-02-01,-9.147
1934-03-01,1.188
1934-04-01,8.571
1934-05-01,16.102999999999998
1934-06-01,21.473000000000006
1934-07-01,23.387
1934-08-01,19.797
1934-09-01,18.472
1934-10-01,9.84
1934-11-01,6.797999999999999
1934-12-01,-1.486
1935-01-01,-4.282
1935-02-01,-2.784
1935-03-01,4.351
1935-04-01,8.047
1935-05-01,13.224
1935-06-01,19.518
1935-07-01,23.554000000000002
1935-08-01,21.463
1935-09-01,15.95
1935-10-01,11.222999999999999
1935-11-01,7.0379999999999985
1935-12-01,-3.5460000000000003
1936-01-01,-4.673
1936-02-01,-6.154
1936-03-01,5.867000000000001
1936-04-01,7.519
1936-05-01,16.342000000000002
1936-06-01,19.556
1936-07-01,22.751
1936-08-01,22.333
1936-09-01,18.035
1936-10-01,11.195
1936-11-01,3.1010000000000004
1936-12-01,0.941
1937-01-01,1.7420000000000004
1937-02-01,-0.4910000000000001
1937-03-01,0.4169999999999998
1937-04-01,8.092
1937-05-01,16.047
1937-06-01,20.395
1937-07-01,22.587
1937-08-01,23.012
1937-09-01,16.25
1937-10-01,10.206
1937-11-01,4.996
1937-12-01,-1.291
1938-01-01,-2.99
1938-02-01,-0.131
1938-03-01,4.713
1938-04-01,10.313
1938-05-01,14.144
1938-06-01,19.542
1938-07-01,22.764
1938-08-01,23.078000000000007
1938-09-01,15.937999999999999
1938-10-01,12.130999999999998
1938-11-01,5.9270000000000005
1938-12-01,-0.366
1939-01-01,-2.719
1939-02-01,0.10400000000000008
1939-03-01,2.0469999999999997
1939-04-01,7.338999999999999
1939-05-01,16.491
1939-06-01,20.472
1939-07-01,22.234
1939-08-01,23.003
1939-09-01,17.689999999999994
1939-10-01,10.915
1939-11-01,3.55
1939-12-01,-0.31099999999999994
1940-01-01,-6.9030000000000005
1940-02-01,-1.946
1940-03-01,-0.4980000000000002
1940-04-01,6.28
1940-05-01,14.466
1940-06-01,19.072
1940-07-01,22.261
1940-08-01,19.603
1940-09-01,16.096999999999998
1940-10-01,8.802
1940-11-01,4.651
1940-12-01,0.424
1941-01-01,-3.776
1941-02-01,-2.983
1941-03-01,-0.33199999999999985
1941-04-01,12.038
1941-05-01,15.775
1941-06-01,19.922
1941-07-01,22.474
1941-08-01,20.445
1941-09-01,18.275
1941-10-01,13.012
1941-11-01,6.636
1941-12-01,0.8079999999999999
1942-01-01,-3.786
1942-02-01,-3.1630000000000003
1942-03-01,4.34
1942-04-01,10.662
1942-05-01,16.819000000000006
1942-06-01,20.038
1942-07-01,22.527
1942-08-01,20.779
1942-09-01,17.532
1942-10-01,11.68
1942-11-01,5.292999999999998
1942-12-01,-3.2060000000000004
1943-01-01,-3.2710000000000004
1943-02-01,-1.7240000000000002
1943-03-01,2.269
1943-04-01,5.956
1943-05-01,15.553
1943-06-01,22.585
1943-07-01,22.792
1943-08-01,21.871
1943-09-01,17.038999999999998
1943-10-01,10.536
1943-11-01,4.04
1943-12-01,-2.7110000000000003
1944-01-01,-1.6569999999999998
1944-02-01,-1.831
1944-03-01,1.033
1944-04-01,7.291
1944-05-01,17.839000000000006
1944-06-01,20.495
1944-07-01,23.417
1944-08-01,22.762
1944-09-01,18.155
1944-10-01,10.436
1944-11-01,4.972
1944-12-01,-2.759
1945-01-01,-6.6229999999999976
1945-02-01,-1.781
1945-03-01,8.370000000000001
1945-04-01,11.401
1945-05-01,13.509
1945-06-01,19.64
1945-07-01,22.027
1945-08-01,20.927
1945-09-01,19.16
1945-10-01,10.520999999999999
1945-11-01,5.846
1945-12-01,-3.683
1946-01-01,-1.855
1946-02-01,-2.199
1946-03-01,7.657
1946-04-01,8.626000000000001
1946-05-01,14.73
1946-06-01,19.16
1946-07-01,22.165
1946-08-01,19.537
1946-09-01,18.526
1946-10-01,13.431
1946-11-01,7.438
1946-12-01,0.3570000000000001
1947-01-01,0.129
1947-02-01,-3.623
1947-03-01,1.162
1947-04-01,8.677999999999999
1947-05-01,14.524000000000001
1947-06-01,18.729
1947-07-01,22.192
1947-08-01,22.825
1947-09-01,18.135
1947-10-01,14.251
1947-11-01,3.787
1947-12-01,-1.905
1948-01-01,-6.651
1948-02-01,-3.785
1948-03-01,3.604
1948-04-01,9.259
1948-05-01,14.452
1948-06-01,19.39
1948-07-01,22.817
1948-08-01,21.933000000000003
1948-09-01,18.135
1948-10-01,10.575
1948-11-01,8.337
1948-12-01,-0.15399999999999991
1949-01-01,1.073
1949-02-01,1.358
1949-03-01,4.23
1949-04-01,9.836
1949-05-01,15.45
1949-06-01,21.669
1949-07-01,24.623
1949-08-01,22.649
1949-09-01,16.363999999999994
1949-10-01,13.978
1949-11-01,4.798
1949-12-01,0.606
1950-01-01,2.32
1950-02-01,-2.454
1950-03-01,0.54
1950-04-01,7.336
1950-05-01,14.135000000000002
1950-06-01,19.352
1950-07-01,21.613000000000003
1950-08-01,20.901
1950-09-01,15.845
1950-10-01,12.633
1950-11-01,6.3279999999999985
1950-12-01,-1.858
1951-01-01,-0.7229999999999999
1951-02-01,-0.236
1951-03-01,3.5980000000000003
1951-04-01,9.576
1951-05-01,15.633
1951-06-01,19.401
1951-07-01,22.364
1951-08-01,21.089
1951-09-01,17.151
1951-10-01,12.236999999999998
1951-11-01,3.162
1951-12-01,0.040000000000000036
1952-01-01,-0.5659999999999998
1952-02-01,-0.20200000000000012
1952-03-01,2.515
1952-04-01,10.661
1952-05-01,13.856
1952-06-01,21.046
1952-07-01,23.964000000000002
1952-08-01,21.335
1952-09-01,17.75
1952-10-01,9.439
1952-11-01,5.882999999999999
1952-12-01,0.59
1953-01-01,0.11399999999999988
1953-02-01,1.197
1953-03-01,4.342
1953-04-01,9.141
1953-05-01,16.187
1953-06-01,20.587
1953-07-01,22.746
1953-08-01,21.301
1953-09-01,18.173
1953-10-01,12.341
1953-11-01,6.066
1953-12-01,1.899
1954-01-01,-3.727
1954-02-01,1.962
1954-03-01,3.5860000000000003
1954-04-01,10.454
1954-05-01,13.661
1954-06-01,20.293
1954-07-01,22.163
1954-08-01,20.637
1954-09-01,17.153
1954-10-01,13.401
1954-11-01,4.743
1954-12-01,-0.622
1955-01-01,-3.442
1955-02-01,-1.358
1955-03-01,3.39
1955-04-01,10.826
1955-05-01,16.732
1955-06-01,18.934
1955-07-01,25.313000000000002
1955-08-01,23.8
1955-09-01,17.22
1955-10-01,12.69
1955-11-01,4.407
1955-12-01,-3.83
1956-01-01,-2.2030000000000003
1956-02-01,-0.04700000000000015
1956-03-01,0.8340000000000001
1956-04-01,7.2189999999999985
1956-05-01,13.485
1956-06-01,20.404
1956-07-01,20.977
1956-08-01,21.111
1956-09-01,15.964999999999998
1956-10-01,11.646999999999998
1956-11-01,5.683
1956-12-01,1.959
1957-01-01,-4.863
1957-02-01,0.4089999999999998
1957-03-01,3.435
1957-04-01,10.322000000000001
1957-05-01,15.351
1957-06-01,21.802
1957-07-01,22.495
1957-08-01,20.303
1957-09-01,18.169
1957-10-01,10.342
1957-11-01,6.6240000000000006
1957-12-01,1.6480000000000001
1958-01-01,-2.858
1958-02-01,-4.739
1958-03-01,2.764
1958-04-01,9.897
1958-05-01,13.515
1958-06-01,17.627
1958-07-01,22.996
1958-08-01,21.583
1958-09-01,17.255
1958-10-01,10.384
1958-11-01,6.0870000000000015
1958-12-01,-4.569
1959-01-01,-3.023
1959-02-01,-2.4730000000000003
1959-03-01,2.6639999999999997
1959-04-01,10.352
1959-05-01,17.065
1959-06-01,20.407
1959-07-01,23.06600000000001
1959-08-01,23.03
1959-09-01,19.561
1959-10-01,12.914
1959-11-01,5.2120000000000015
1959-12-01,0.5120000000000001
1960-01-01,-1.5930000000000002
1960-02-01,0.18199999999999994
1960-03-01,-1.5730000000000004
1960-04-01,11.24
1960-05-01,15.086
1960-06-01,19.986
1960-07-01,21.431
1960-08-01,21.813
1960-09-01,17.691
1960-10-01,10.972999999999999
1960-11-01,6.39
1960-12-01,-4.477
1961-01-01,-6.479
1961-02-01,-1.036
1961-03-01,3.182
1961-04-01,7.254
1961-05-01,13.798
1961-06-01,20.209
1961-07-01,22.715
1961-08-01,21.905
1961-09-01,21.041999999999998
1961-10-01,12.697
1961-11-01,6.292000000000002
1961-12-01,-1.263
1962-01-01,-3.125
1962-02-01,-3.322
1962-03-01,2.965
1962-04-01,9.411
1962-05-01,16.113
1962-06-01,20.593000000000004
1962-07-01,21.095
1962-08-01,20.701
1962-09-01,15.579999999999998
1962-10-01,11.388
1962-11-01,3.575
1962-12-01,-3.176
1963-01-01,-4.5440000000000005
1963-02-01,-5.69
1963-03-01,3.41
1963-04-01,9.27
1963-05-01,14.182
1963-06-01,19.857
1963-07-01,22.529
1963-08-01,20.257
1963-09-01,15.305999999999996
1963-10-01,13.454999999999998
1963-11-01,7.778
1963-12-01,-4.017
1964-01-01,-1.993
1964-02-01,-2.8760000000000003
1964-03-01,3.728
1964-04-01,7.99
1964-05-01,16.402
1964-06-01,19.283
1964-07-01,22.791
1964-08-01,20.15
1964-09-01,17.916999999999994
1964-10-01,9.976
1964-11-01,6.768
1964-12-01,-0.6
1965-01-01,-4.65
1965-02-01,-2.197
1965-03-01,1.853
1965-04-01,7.5470000000000015
1965-05-01,17.338
1965-06-01,19.343
1965-07-01,21.523000000000003
1965-08-01,21.224
1965-09-01,18.1
1965-10-01,9.998
1965-11-01,4.843
1965-12-01,0.6190000000000001
1966-01-01,-3.432
1966-02-01,-1.971
1966-03-01,3.565
1966-04-01,7.099
1966-05-01,13.112
1966-06-01,20.597
1966-07-01,23.615
1966-08-01,22.154
1966-09-01,16.281
1966-10-01,10.211
1966-11-01,6.4879999999999995
1966-12-01,-0.725
1967-01-01,-0.31199999999999983
1967-02-01,-4.019
1967-03-01,0.98
1967-04-01,8.633000000000001
1967-05-01,11.243
1967-06-01,20.993
1967-07-01,22.208000000000002
1967-08-01,21.004
1967-09-01,16.621
1967-10-01,10.885
1967-11-01,3.1460000000000004
1967-12-01,0.2760000000000001
1968-01-01,-5.834
1968-02-01,-3.865
1968-03-01,4.303
1968-04-01,10.699000000000002
1968-05-01,13.425
1968-06-01,19.193
1968-07-01,23.149
1968-08-01,21.95
1968-09-01,18.459
1968-10-01,12.466
1968-11-01,5.257999999999999
1968-12-01,-2.253
1969-01-01,-3.38
1969-02-01,-2.126
1969-03-01,1.6829999999999998
1969-04-01,10.336
1969-05-01,15.384
1969-06-01,20.334
1969-07-01,21.624000000000002
1969-08-01,22.237
1969-09-01,17.717
1969-10-01,10.79
1969-11-01,4.9830000000000005
1969-12-01,-2.445
1970-01-01,-7.058
1970-02-01,-2.1630000000000003
1970-03-01,1.237
1970-04-01,8.67
1970-05-01,15.856
1970-06-01,19.351
1970-07-01,22.783
1970-08-01,22.381
1970-09-01,18.664
1970-10-01,12.277
1970-11-01,6.502000000000002
1970-12-01,-1.297
1971-01-01,-5.494
1971-02-01,-1.633
1971-03-01,2.072
1971-04-01,7.83
1971-05-01,13.54
1971-06-01,20.662
1971-07-01,22.019000000000002
1971-08-01,21.194000000000006
1971-09-01,19.227999999999998
1971-10-01,14.26
1971-11-01,4.702
1971-12-01,1.794
1972-01-01,-1.365
1972-02-01,-3.3689999999999998
1972-03-01,1.878
1972-04-01,7.1590000000000025
1972-05-01,15.495
1972-06-01,18.195
1972-07-01,22.986
1972-08-01,21.245
1972-09-01,18.178
1972-10-01,8.725
1972-11-01,3.863
1972-12-01,0.8870000000000001
1973-01-01,-0.8140000000000001
1973-02-01,-2.392
1973-03-01,6.242000000000001
1973-04-01,9.853
1973-05-01,13.349
1973-06-01,21.462
1973-07-01,22.991
1973-08-01,23.001
1973-09-01,18.000999999999994
1973-10-01,12.402999999999999
1973-11-01,6.4460000000000015
1973-12-01,0.977
1974-01-01,-1.3319999999999999
1974-02-01,-2.545
1974-03-01,3.426
1974-04-01,10.602
1974-05-01,14.467
1974-06-01,18.91
1974-07-01,22.439
1974-08-01,21.826
1974-09-01,16.872999999999998
1974-10-01,9.095
1974-11-01,6.159
1974-12-01,1.0260000000000002
1975-01-01,-0.2999999999999998
1975-02-01,-0.46
1975-03-01,2.259
1975-04-01,6.5820000000000025
1975-05-01,17.211000000000002
1975-06-01,20.172
1975-07-01,22.781
1975-08-01,21.763
1975-09-01,15.644999999999998
1975-10-01,12.991
1975-11-01,8.525
1975-12-01,-0.45399999999999996
1976-01-01,-5.3420000000000005
1976-02-01,1.395
1976-03-01,4.859
1976-04-01,10.814
1976-05-01,14.376
1976-06-01,21.404
1976-07-01,21.363000000000003
1976-08-01,21.179
1976-09-01,16.598999999999997
1976-10-01,9.067
1976-11-01,2.623
1976-12-01,-3.933
1977-01-01,-8.046
1977-02-01,-1.756
1977-03-01,5.867000000000001
1977-04-01,10.156
1977-05-01,16.549
1977-06-01,18.995
1977-07-01,22.967
1977-08-01,21.687
1977-09-01,17.987000000000005
1977-10-01,10.312999999999999
1977-11-01,6.574
1977-12-01,-1.7919999999999998
1978-01-01,-4.666
1978-02-01,-6.216
1978-03-01,1.27
1978-04-01,8.471
1978-05-01,14.316
1978-06-01,19.653
1978-07-01,21.578000000000007
1978-08-01,22.579
1978-09-01,16.487000000000002
1978-10-01,10.517
1978-11-01,5.981
1978-12-01,0.08500000000000008
1979-01-01,-2.603
1979-02-01,-7.141
1979-03-01,5.2330000000000005
1979-04-01,8.913
1979-05-01,15.909
1979-06-01,18.832
1979-07-01,22.35
1979-08-01,21.741
1979-09-01,17.493
1979-10-01,10.71
1979-11-01,7.792000000000002
1979-12-01,1.065
1980-01-01,-2.0469999999999997
1980-02-01,-3.713
1980-03-01,2.0340000000000003
1980-04-01,9.922
1980-05-01,16.464000000000002
1980-06-01,18.772
1980-07-01,23.48
1980-08-01,23.62
1980-09-01,19.133
1980-10-01,10.107
1980-11-01,3.647
1980-12-01,-3.12
1981-01-01,-6.772
1981-02-01,1.383
1981-03-01,2.667
1981-04-01,10.675
1981-05-01,15.632
1981-06-01,20.457
1981-07-01,23.299
1981-08-01,21.44
1981-09-01,17.166999999999998
1981-10-01,9.195
1981-11-01,5.64
1981-12-01,-1.395
1982-01-01,-7.286
1982-02-01,-1.307
1982-03-01,2.357
1982-04-01,7.846
1982-05-01,16.135
1982-06-01,18.228
1982-07-01,22.631
1982-08-01,20.074
1982-09-01,17.410999999999998
1982-10-01,11.280999999999999
1982-11-01,7.141
1982-12-01,2.789
1983-01-01,-1.938
1983-02-01,-0.6920000000000002
1983-03-01,4.618
1983-04-01,8.607000000000001
1983-05-01,14.076
1983-06-01,20.508000000000006
1983-07-01,23.597
1983-08-01,23.025
1983-09-01,18.71
1983-10-01,11.332999999999998
1983-11-01,6.084
1983-12-01,-1.818
1984-01-01,-4.966
1984-02-01,1.834
1984-03-01,0.08499999999999996
1984-04-01,8.717
1984-05-01,14.281
1984-06-01,21.055
1984-07-01,21.865
1984-08-01,22.575
1984-09-01,16.15
1984-10-01,13.492
1984-11-01,5.325
1984-12-01,2.6750000000000003
1985-01-01,-5.061
1985-02-01,-1.0759999999999998
1985-03-01,4.668
1985-04-01,10.594000000000001
1985-05-01,16.560000000000002
1985-06-01,18.286
1985-07-01,22.275
1985-08-01,21.541
1985-09-01,18.599
1985-10-01,11.882
1985-11-01,7.066
1985-12-01,-2.196
1986-01-01,-2.227
1986-02-01,-2.8840000000000003
1986-03-01,4.186
1986-04-01,9.854
1986-05-01,16.937
1986-06-01,19.603
1986-07-01,22.469
1986-08-01,20.614
1986-09-01,17.029
1986-10-01,11.512
1986-11-01,4.143
1986-12-01,0.5990000000000001
1987-01-01,-3.116
1987-02-01,-2.441
1987-03-01,4.758
1987-04-01,10.15
1987-05-01,15.593
1987-06-01,21.029
1987-07-01,23.603
1987-08-01,20.873
1987-09-01,17.413999999999998
1987-10-01,8.965
1987-11-01,5.917000000000002
1987-12-01,1.093
1988-01-01,-5.329
1988-02-01,-1.7200000000000002
1988-03-01,3.873
1988-04-01,8.562000000000001
1988-05-01,15.406
1988-06-01,19.94
1988-07-01,24.287
1988-08-01,23.505
1988-09-01,16.750999999999998
1988-10-01,8.605999999999998
1988-11-01,6.35
1988-12-01,-1.032
1989-01-01,-0.4289999999999998
1989-02-01,-1.5470000000000002
1989-03-01,3.162
1989-04-01,8.201
1989-05-01,15.034
1989-06-01,20.717
1989-07-01,22.201
1989-08-01,21.305
1989-09-01,17.843
1989-10-01,11.707999999999998
1989-11-01,4.905
1989-12-01,-7.164
1990-01-01,1.536
1990-02-01,1.2359999999999998
1990-03-01,4.973
1990-04-01,9.563
1990-05-01,13.983
1990-06-01,20.084
1990-07-01,22.712
1990-08-01,21.874
1990-09-01,17.084999999999994
1990-10-01,13.575999999999999
1990-11-01,6.84
1990-12-01,2.4080000000000004
1991-01-01,-2.313
1991-02-01,1.1669999999999998
1991-03-01,4.984999999999999
1991-04-01,10.879000000000001
1991-05-01,18.439
1991-06-01,21.254
1991-07-01,23.118000000000002
1991-08-01,22.769
1991-09-01,17.211
1991-10-01,11.690999999999999
1991-11-01,5.893
1991-12-01,1.194
1992-01-01,-1.217
1992-02-01,-0.19700000000000006
1992-03-01,1.91
1992-04-01,8.044
1992-05-01,14.425999999999998
1992-06-01,18.976
1992-07-01,21.506
1992-08-01,20.162
1992-09-01,17.284000000000002
1992-10-01,9.204
1992-11-01,4.965
1992-12-01,-0.19099999999999995
1993-01-01,-0.403
1993-02-01,-4.198
1993-03-01,1.14
1993-04-01,9.457
1993-05-01,16.266000000000002
1993-06-01,20.203
1993-07-01,23.93
1993-08-01,22.511
1993-09-01,17.220999999999997
1993-10-01,9.943999999999999
1993-11-01,5.1690000000000005
1993-12-01,-0.7490000000000001
1994-01-01,-7.184
1994-02-01,-4.287
1994-03-01,2.148
1994-04-01,10.698
1994-05-01,14.451
1994-06-01,21.641
1994-07-01,24.182
1994-08-01,20.735
1994-09-01,17.078999999999994
1994-10-01,10.669
1994-11-01,7.8130000000000015
1994-12-01,1.999
1995-01-01,0.214
1995-02-01,-3.47
1995-03-01,5.229
1995-04-01,8.455
1995-05-01,14.357000000000001
1995-06-01,20.644
1995-07-01,23.823
1995-08-01,22.905
1995-09-01,17.142
1995-10-01,13.247
1995-11-01,3.326
1995-12-01,-3.035
1996-01-01,-3.877
1996-02-01,-1.794
1996-03-01,1.3869999999999998
1996-04-01,9.26
1996-05-01,14.233
1996-06-01,20.603
1996-07-01,21.471
1996-08-01,21.859
1996-09-01,17.994
1996-10-01,11.114
1996-11-01,3.399
1996-12-01,2.036
1997-01-01,-3.037
1997-02-01,1.681
1997-03-01,3.4139999999999997
1997-04-01,8.371
1997-05-01,13.380999999999998
1997-06-01,19.944000000000006
1997-07-01,22.547
1997-08-01,21.017
1997-09-01,17.057000000000002
1997-10-01,10.994000000000002
1997-11-01,4.103
1997-12-01,0.5730000000000001
1998-01-01,1.7109999999999999
1998-02-01,2.483
1998-03-01,5.1690000000000005
1998-04-01,10.401
1998-05-01,17.256
1998-06-01,19.49
1998-07-01,22.706
1998-08-01,22.85
1998-09-01,18.947
1998-10-01,11.855
1998-11-01,5.983
1998-12-01,3.036
1999-01-01,-1.952
1999-02-01,0.4289999999999998
1999-03-01,3.306
1999-04-01,9.661
1999-05-01,15.611
1999-06-01,21.254
1999-07-01,25.065
1999-08-01,22.206
1999-09-01,18.817999999999998
1999-10-01,10.437999999999999
1999-11-01,7.818
1999-12-01,1.2970000000000002
2000-01-01,-3.168
2000-02-01,-0.16200000000000014
2000-03-01,6.391
2000-04-01,8.897
2000-05-01,15.944
2000-06-01,20.234
2000-07-01,20.727
2000-08-01,20.791
2000-09-01,17.095
2000-10-01,11.323
2000-11-01,4.913
2000-12-01,-3.3560000000000003
2001-01-01,-2.814
2001-02-01,-0.44200000000000017
2001-03-01,1.884
2001-04-01,9.92
2001-05-01,16.014
2001-06-01,20.907
2001-07-01,21.045
2001-08-01,23.507
2001-09-01,17.473999999999997
2001-10-01,11.989999999999998
2001-11-01,8.212
2001-12-01,3.4750000000000005
2002-01-01,1.2520000000000002
2002-02-01,2.1260000000000003
2002-03-01,4.677
2002-04-01,11.125
2002-05-01,14.171
2002-06-01,20.623
2002-07-01,23.931
2002-08-01,23.558000000000003
2002-09-01,19.125
2002-10-01,10.446
2002-11-01,4.945
2002-12-01,-0.953
2003-01-01,-5.223
2003-02-01,-3.786
2003-03-01,3.526
2003-04-01,8.185
2003-05-01,13.817
2003-06-01,18.96
2003-07-01,22.864
2003-08-01,23.243
2003-09-01,18.262
2003-10-01,10.201999999999998
2003-11-01,7.603
2003-12-01,0.3790000000000001
2004-01-01,-6.3249999999999975
2004-02-01,-1.332
2004-03-01,4.525
2004-04-01,10.057
2004-05-01,17.8
2004-06-01,19.761
2004-07-01,21.946
2004-08-01,21.771
2004-09-01,18.843
2004-10-01,10.96
2004-11-01,6.682
2004-12-01,-0.014000000000000012
2005-01-01,-3.611
2005-02-01,-0.609
2005-03-01,1.125
2005-04-01,10.633
2005-05-01,13.267000000000001
2005-06-01,22.169
2005-07-01,23.704
2005-08-01,23.941
2005-09-01,20.238
2005-10-01,12.058
2005-11-01,7.019
2005-12-01,-1.757
2006-01-01,1.608
2006-02-01,-0.5650000000000002
2006-03-01,3.776
2006-04-01,10.709
2006-05-01,15.637
2006-06-01,20.445
2006-07-01,24.165
2006-08-01,22.42
2006-09-01,16.945999999999998
2006-10-01,10.811
2006-11-01,8.418
2006-12-01,3.861
2007-01-01,0.4119999999999999
2007-02-01,-4.713
2007-03-01,2.947
2007-04-01,8.02
2007-05-01,16.677
2007-06-01,20.868
2007-07-01,22.295
2007-08-01,22.063
2007-09-01,19.0
2007-10-01,15.222
2007-11-01,4.831
2007-12-01,-0.09399999999999996
2008-01-01,-0.573
2008-02-01,-0.675
2008-03-01,3.47
2008-04-01,10.943
2008-05-01,13.64
2008-06-01,21.831
2008-07-01,23.693
2008-08-01,20.887
2008-09-01,18.676
2008-10-01,10.347999999999999
2008-11-01,5.132999999999999
2008-12-01,0.3270000000000001
2009-01-01,-5.359999999999999
2009-02-01,-0.3720000000000001
2009-03-01,3.5789999999999997
2009-04-01,10.478
2009-05-01,15.447000000000001
2009-06-01,19.058
2009-07-01,21.103
2009-08-01,22.769
2009-09-01,17.043
2009-10-01,10.364
2009-11-01,8.217
2009-12-01,-0.624
2010-01-01,-2.359
2010-02-01,-1.456
2010-03-01,6.715
2010-04-01,12.076
2010-05-01,17.119
2010-06-01,21.943
2010-07-01,24.789
2010-08-01,22.67
2010-09-01,19.172
2010-10-01,11.911
2010-11-01,5.876
2010-12-01,-2.165
2011-01-01,-4.463
2011-02-01,-1.2440000000000002
2011-03-01,3.474
2011-04-01,10.555
2011-05-01,16.917
2011-06-01,21.032
2011-07-01,24.564
2011-08-01,22.13
2011-09-01,19.301
2011-10-01,12.001
2011-11-01,8.013
2011-12-01,2.987
2012-01-01,-0.040999999999999925
2012-02-01,2.185
2012-03-01,8.734
2012-04-01,10.324000000000002
2012-05-01,17.779
2012-06-01,20.165
2012-07-01,24.479
2012-08-01,22.731
2012-09-01,18.177
2012-10-01,12.436
2012-11-01,4.103
2012-12-01,2.5860000000000003
2013-01-01,-0.968
2013-02-01,-1.3650000000000002
2013-03-01,2.518
2013-04-01,9.723
2013-05-01,15.544
2013-06-01,20.892
2013-07-01,24.722
2013-08-01,21.001
2013-09-01,17.407999999999998
