,Date,Sea Level Trend,Sea Level Seasonal
0,1880-01-01,,-0.5427579365079374
1,1880-02-01,,-0.1799133249791136
2,1880-03-01,,0.34330096073516997
3,1880-04-01,,0.38904030910609866
4,1880-05-01,,0.4925177527151199
5,1880-06-01,,0.7890716374269008
6,1880-07-01,-156.7833333333333,0.25551900584795295
7,1880-08-01,-153.5125,0.1357508354218886
8,1880-09-01,-151.3875,-0.3988669590643269
9,1880-10-01,-150.29583333333332,-0.17132936507936522
10,1880-11-01,-149.72916666666666,-0.5654083124477856
11,1880-12-01,-149.23333333333332,-0.5469246031746022
12,1881-01-01,-148.5125,-0.5427579365079374
13,1881-02-01,-147.58333333333331,-0.1799133249791136
14,1881-03-01,-147.02916666666664,0.34330096073516997
15,1881-04-01,-147.54166666666663,0.38904030910609866
16,1881-05-01,-149.14999999999998,0.4925177527151199
17,1881-06-01,-151.59166666666664,0.7890716374269008
18,1881-07-01,-154.36666666666665,0.25551900584795295
19,1881-08-01,-156.625,0.1357508354218886
20,1881-09-01,-158.14166666666665,-0.3988669590643269
21,1881-10-01,-159.10416666666669,-0.17132936507936522
22,1881-11-01,-160.0125,-0.5654083124477856
23,1881-12-01,-160.98333333333332,-0.5469246031746022
24,1882-01-01,-162.25833333333333,-0.5427579365079374
25,1882-02-01,-163.80833333333334,-0.1799133249791136
26,1882-03-01,-165.32916666666665,0.34330096073516997
27,1882-04-01,-166.78333333333333,0.38904030910609866
28,1882-05-01,-168.05833333333334,0.4925177527151199
29,1882-06-01,-169.275,0.7890716374269008
30,1882-07-01,-170.3875,0.25551900584795295
31,1882-08-01,-171.64166666666668,0.1357508354218886
32,1882-09-01,-172.95833333333331,-0.3988669590643269
33,1882-10-01,-174.0125,-0.17132936507936522
34,1882-11-01,-174.47916666666666,-0.5654083124477856
35,1882-12-01,-174.39166666666665,-0.5469246031746022
36,1883-01-01,-174.06666666666666,-0.5427579365079374
37,1883-02-01,-173.51666666666665,-0.1799133249791136
38,1883-03-01,-172.575,0.34330096073516997
39,1883-04-01,-170.95416666666665,0.38904030910609866
40,1883-05-01,-168.7625,0.4925177527151199
41,1883-06-01,-166.06666666666666,0.7890716374269008
42,1883-07-01,-163.03333333333333,0.25551900584795295
43,1883-08-01,-159.7875,0.1357508354218886
44,1883-09-01,-156.625,-0.3988669590643269
45,1883-10-01,-153.60416666666666,-0.17132936507936522
46,1883-11-01,-150.89166666666665,-0.5654083124477856
47,1883-12-01,-148.74166666666667,-0.5469246031746022
48,1884-01-01,-147.01666666666665,-0.5427579365079374
49,1884-02-01,-145.64166666666665,-0.1799133249791136
50,1884-03-01,-144.6375,0.34330096073516997
51,1884-04-01,-143.94166666666666,0.38904030910609866
52,1884-05-01,-143.64999999999998,0.4925177527151199
53,1884-06-01,-143.71666666666664,0.7890716374269008
54,1884-07-01,-144.19166666666666,0.25551900584795295
55,1884-08-01,-145.0,0.1357508354218886
56,1884-09-01,-145.7125,-0.3988669590643269
57,1884-10-01,-146.37083333333334,-0.17132936507936522
58,1884-11-01,-146.97916666666666,-0.5654083124477856
59,1884-12-01,-147.38750000000002,-0.5469246031746022
60,1885-01-01,-147.7125,-0.5427579365079374
61,1885-02-01,-147.775,-0.1799133249791136
62,1885-03-01,-147.4625,0.34330096073516997
63,1885-04-01,-146.91666666666669,0.38904030910609866
64,1885-05-01,-146.08749999999998,0.4925177527151199
65,1885-06-01,-145.44166666666666,0.7890716374269008
66,1885-07-01,-145.0,0.25551900584795295
67,1885-08-01,-144.92083333333332,0.1357508354218886
68,1885-09-01,-145.14583333333334,-0.3988669590643269
69,1885-10-01,-145.17916666666665,-0.17132936507936522
70,1885-11-01,-144.8,-0.5654083124477856
71,1885-12-01,-144.14583333333331,-0.5469246031746022
72,1886-01-01,-143.525,-0.5427579365079374
73,1886-02-01,-143.39583333333331,-0.1799133249791136
74,1886-03-01,-143.94166666666663,0.34330096073516997
75,1886-04-01,-144.88333333333333,0.38904030910609866
76,1886-05-01,-146.075,0.4925177527151199
77,1886-06-01,-147.12916666666666,0.7890716374269008
78,1886-07-01,-148.19583333333333,0.25551900584795295
79,1886-08-01,-149.38333333333333,0.1357508354218886
80,1886-09-01,-150.62083333333334,-0.3988669590643269
81,1886-10-01,-151.99166666666667,-0.17132936507936522
82,1886-11-01,-153.40833333333333,-0.5654083124477856
83,1886-12-01,-154.6125,-0.5469246031746022
84,1887-01-01,-155.3708333333333,-0.5427579365079374
85,1887-02-01,-155.63333333333333,-0.1799133249791136
86,1887-03-01,-155.4375,0.34330096073516997
87,1887-04-01,-154.92916666666665,0.38904030910609866
88,1887-05-01,-154.22916666666663,0.4925177527151199
89,1887-06-01,-153.52499999999998,0.7890716374269008
90,1887-07-01,-152.9125,0.25551900584795295
91,1887-08-01,-152.2,0.1357508354218886
92,1887-09-01,-151.44583333333333,-0.3988669590643269
93,1887-10-01,-150.96666666666664,-0.17132936507936522
94,1887-11-01,-150.9125,-0.5654083124477856
95,1887-12-01,-151.19583333333333,-0.5469246031746022
96,1888-01-01,-151.45416666666665,-0.5427579365079374
97,1888-02-01,-151.56666666666666,-0.1799133249791136
98,1888-03-01,-151.64583333333331,0.34330096073516997
99,1888-04-01,-151.57916666666665,0.38904030910609866
100,1888-05-01,-151.35833333333332,0.4925177527151199
101,1888-06-01,-151.15833333333333,0.7890716374269008
102,1888-07-01,-150.89999999999998,0.25551900584795295
103,1888-08-01,-150.38333333333333,0.1357508354218886
104,1888-09-01,-149.59583333333333,-0.3988669590643269
105,1888-10-01,-148.725,-0.17132936507936522
106,1888-11-01,-147.95416666666665,-0.5654083124477856
107,1888-12-01,-147.36666666666667,-0.5469246031746022
108,1889-01-01,-147.04166666666669,-0.5427579365079374
109,1889-02-01,-146.92083333333335,-0.1799133249791136
110,1889-03-01,-146.875,0.34330096073516997
111,1889-04-01,-147.23333333333332,0.38904030910609866
112,1889-05-01,-148.08333333333331,0.4925177527151199
113,1889-06-01,-149.03333333333333,0.7890716374269008
114,1889-07-01,-149.54999999999998,0.25551900584795295
115,1889-08-01,-149.76666666666665,0.1357508354218886
116,1889-09-01,-149.75416666666666,-0.3988669590643269
117,1889-10-01,-149.2875,-0.17132936507936522
118,1889-11-01,-148.55833333333334,-0.5654083124477856
119,1889-12-01,-147.88333333333333,-0.5469246031746022
120,1890-01-01,-147.53333333333333,-0.5427579365079374
121,1890-02-01,-147.425,-0.1799133249791136
122,1890-03-01,-147.35416666666666,0.34330096073516997
123,1890-04-01,-147.19166666666666,0.38904030910609866
124,1890-05-01,-147.03749999999997,0.4925177527151199
125,1890-06-01,-147.24583333333334,0.7890716374269008
126,1890-07-01,-147.96666666666667,0.25551900584795295
127,1890-08-01,-148.92916666666667,0.1357508354218886
128,1890-09-01,-149.7875,-0.3988669590643269
129,1890-10-01,-150.65416666666667,-0.17132936507936522
130,1890-11-01,-151.60416666666666,-0.5654083124477856
131,1890-12-01,-152.36666666666667,-0.5469246031746022
132,1891-01-01,-152.69166666666666,-0.5427579365079374
133,1891-02-01,-152.44166666666666,-0.1799133249791136
134,1891-03-01,-151.95,0.34330096073516997
135,1891-04-01,-151.3875,0.38904030910609866
136,1891-05-01,-150.7625,0.4925177527151199
137,1891-06-01,-149.8125,0.7890716374269008
138,1891-07-01,-148.4708333333333,0.25551900584795295
139,1891-08-01,-146.73333333333332,0.1357508354218886
140,1891-09-01,-145.3625,-0.3988669590643269
141,1891-10-01,-144.50833333333333,-0.17132936507936522
142,1891-11-01,-143.90416666666667,-0.5654083124477856
143,1891-12-01,-143.525,-0.5469246031746022
144,1892-01-01,-143.325,-0.5427579365079374
145,1892-02-01,-143.59166666666667,-0.1799133249791136
146,1892-03-01,-144.12916666666666,0.34330096073516997
147,1892-04-01,-144.77499999999998,0.38904030910609866
148,1892-05-01,-145.40416666666667,0.4925177527151199
149,1892-06-01,-145.89166666666665,0.7890716374269008
150,1892-07-01,-146.1125,0.25551900584795295
151,1892-08-01,-146.37083333333334,0.1357508354218886
152,1892-09-01,-146.42916666666667,-0.3988669590643269
153,1892-10-01,-146.27083333333331,-0.17132936507936522
154,1892-11-01,-146.07916666666665,-0.5654083124477856
155,1892-12-01,-145.87083333333334,-0.5469246031746022
156,1893-01-01,-145.61249999999998,-0.5427579365079374
157,1893-02-01,-145.08333333333331,-0.1799133249791136
158,1893-03-01,-144.23749999999998,0.34330096073516997
159,1893-04-01,-143.25416666666666,0.38904030910609866
160,1893-05-01,-142.33333333333331,0.4925177527151199
161,1893-06-01,-141.58333333333331,0.7890716374269008
162,1893-07-01,-141.33749999999998,0.25551900584795295
163,1893-08-01,-141.52916666666664,0.1357508354218886
164,1893-09-01,-142.2333333333333,-0.3988669590643269
165,1893-10-01,-143.24166666666667,-0.17132936507936522
166,1893-11-01,-144.23749999999998,-0.5654083124477856
167,1893-12-01,-145.28333333333333,-0.5469246031746022
168,1894-01-01,-146.36666666666665,-0.5427579365079374
169,1894-02-01,-147.59583333333333,-0.1799133249791136
170,1894-03-01,-149.02499999999998,0.34330096073516997
171,1894-04-01,-150.32916666666665,0.38904030910609866
172,1894-05-01,-151.12083333333334,0.4925177527151199
173,1894-06-01,-151.18333333333334,0.7890716374269008
174,1894-07-01,-150.58749999999998,0.25551900584795295
175,1894-08-01,-149.66666666666666,0.1357508354218886
176,1894-09-01,-148.72916666666666,-0.3988669590643269
177,1894-10-01,-148.00416666666666,-0.17132936507936522
178,1894-11-01,-147.52083333333331,-0.5654083124477856
179,1894-12-01,-146.91666666666666,-0.5469246031746022
180,1895-01-01,-145.92083333333332,-0.5427579365079374
181,1895-02-01,-144.6375,-0.1799133249791136
182,1895-03-01,-143.15833333333333,0.34330096073516997
183,1895-04-01,-141.525,0.38904030910609866
184,1895-05-01,-140.0,0.4925177527151199
185,1895-06-01,-139.26666666666665,0.7890716374269008
186,1895-07-01,-139.57916666666665,0.25551900584795295
187,1895-08-01,-140.95416666666665,0.1357508354218886
188,1895-09-01,-142.575,-0.3988669590643269
189,1895-10-01,-143.59166666666664,-0.17132936507936522
190,1895-11-01,-143.80416666666667,-0.5654083124477856
191,1895-12-01,-143.35,-0.5469246031746022
192,1896-01-01,-142.93333333333334,-0.5427579365079374
193,1896-02-01,-142.87083333333334,-0.1799133249791136
194,1896-03-01,-143.13333333333333,0.34330096073516997
195,1896-04-01,-143.94166666666666,0.38904030910609866
196,1896-05-01,-145.12916666666666,0.4925177527151199
197,1896-06-01,-146.2625,0.7890716374269008
198,1896-07-01,-146.8625,0.25551900584795295
199,1896-08-01,-146.55,0.1357508354218886
200,1896-09-01,-145.71249999999998,-0.3988669590643269
201,1896-10-01,-144.89166666666665,-0.17132936507936522
202,1896-11-01,-144.07083333333333,-0.5654083124477856
203,1896-12-01,-143.40416666666664,-0.5469246031746022
204,1897-01-01,-142.7625,-0.5427579365079374
205,1897-02-01,-141.92916666666667,-0.1799133249791136
206,1897-03-01,-141.22916666666669,0.34330096073516997
207,1897-04-01,-140.76666666666665,0.38904030910609866
208,1897-05-01,-140.975,0.4925177527151199
209,1897-06-01,-141.46666666666667,0.7890716374269008
210,1897-07-01,-141.58749999999998,0.25551900584795295
211,1897-08-01,-140.92916666666667,0.1357508354218886
212,1897-09-01,-139.57083333333333,-0.3988669590643269
213,1897-10-01,-138.12916666666666,-0.17132936507936522
214,1897-11-01,-137.03333333333333,-0.5654083124477856
215,1897-12-01,-136.6125,-0.5469246031746022
216,1898-01-01,-136.82916666666665,-0.5427579365079374
217,1898-02-01,-137.49583333333334,-0.1799133249791136
218,1898-03-01,-137.9375,0.34330096073516997
219,1898-04-01,-137.50833333333333,0.38904030910609866
220,1898-05-01,-135.80416666666667,0.4925177527151199
221,1898-06-01,-133.39166666666665,0.7890716374269008
222,1898-07-01,-131.2875,0.25551900584795295
223,1898-08-01,-130.12916666666666,0.1357508354218886
224,1898-09-01,-129.95833333333331,-0.3988669590643269
225,1898-10-01,-130.02083333333331,-0.17132936507936522
226,1898-11-01,-130.20416666666665,-0.5654083124477856
227,1898-12-01,-130.3375,-0.5469246031746022
228,1899-01-01,-130.22916666666666,-0.5427579365079374
229,1899-02-01,-129.59583333333333,-0.1799133249791136
230,1899-03-01,-128.30416666666667,0.34330096073516997
231,1899-04-01,-126.83333333333333,0.38904030910609866
232,1899-05-01,-125.6125,0.4925177527151199
233,1899-06-01,-124.94166666666666,0.7890716374269008
234,1899-07-01,-124.83333333333331,0.25551900584795295
235,1899-08-01,-125.0,0.1357508354218886
236,1899-09-01,-125.13749999999999,-0.3988669590643269
237,1899-10-01,-125.39999999999998,-0.17132936507936522
238,1899-11-01,-125.57499999999999,-0.5654083124477856
239,1899-12-01,-125.53333333333333,-0.5469246031746022
240,1900-01-01,-125.45833333333331,-0.5427579365079374
241,1900-02-01,-125.52083333333331,-0.1799133249791136
242,1900-03-01,-126.26666666666665,0.34330096073516997
243,1900-04-01,-127.55416666666666,0.38904030910609866
244,1900-05-01,-128.84166666666664,0.4925177527151199
245,1900-06-01,-129.7833333333333,0.7890716374269008
246,1900-07-01,-130.2625,0.25551900584795295
247,1900-08-01,-130.58749999999998,0.1357508354218886
248,1900-09-01,-130.97916666666666,-0.3988669590643269
249,1900-10-01,-131.25833333333333,-0.17132936507936522
250,1900-11-01,-131.62916666666666,-0.5654083124477856
251,1900-12-01,-132.17916666666667,-0.5469246031746022
252,1901-01-01,-132.64583333333331,-0.5427579365079374
253,1901-02-01,-132.97916666666666,-0.1799133249791136
254,1901-03-01,-132.73749999999998,0.34330096073516997
255,1901-04-01,-132.14583333333331,0.38904030910609866
256,1901-05-01,-131.4958333333333,0.4925177527151199
257,1901-06-01,-130.81666666666666,0.7890716374269008
258,1901-07-01,-130.10833333333335,0.25551900584795295
259,1901-08-01,-129.15833333333333,0.1357508354218886
260,1901-09-01,-128.14583333333331,-0.3988669590643269
261,1901-10-01,-127.53333333333333,-0.17132936507936522
262,1901-11-01,-127.29583333333332,-0.5654083124477856
263,1901-12-01,-127.14999999999998,-0.5469246031746022
264,1902-01-01,-126.92916666666665,-0.5427579365079374
265,1902-02-01,-126.60833333333332,-0.1799133249791136
266,1902-03-01,-126.36666666666665,0.34330096073516997
267,1902-04-01,-126.1625,0.38904030910609866
268,1902-05-01,-126.01249999999999,0.4925177527151199
269,1902-06-01,-125.9375,0.7890716374269008
270,1902-07-01,-125.85833333333332,0.25551900584795295
271,1902-08-01,-125.78333333333333,0.1357508354218886
272,1902-09-01,-125.42083333333332,-0.3988669590643269
273,1902-10-01,-124.33749999999999,-0.17132936507936522
274,1902-11-01,-122.6625,-0.5654083124477856
275,1902-12-01,-120.79583333333332,-0.5469246031746022
276,1903-01-01,-119.22083333333333,-0.5427579365079374
277,1903-02-01,-118.22916666666666,-0.1799133249791136
278,1903-03-01,-117.84999999999998,0.34330096073516997
279,1903-04-01,-117.76666666666665,0.38904030910609866
280,1903-05-01,-117.83749999999999,0.4925177527151199
281,1903-06-01,-117.90416666666667,0.7890716374269008
282,1903-07-01,-118.04583333333332,0.25551900584795295
283,1903-08-01,-118.09583333333333,0.1357508354218886
284,1903-09-01,-118.27916666666667,-0.3988669590643269
285,1903-10-01,-119.14999999999999,-0.17132936507936522
286,1903-11-01,-120.46249999999999,-0.5654083124477856
287,1903-12-01,-121.9,-0.5469246031746022
288,1904-01-01,-123.15,-0.5427579365079374
289,1904-02-01,-124.22083333333333,-0.1799133249791136
290,1904-03-01,-125.08333333333331,0.34330096073516997
291,1904-04-01,-125.91666666666666,0.38904030910609866
292,1904-05-01,-126.7125,0.4925177527151199
293,1904-06-01,-127.60416666666666,0.7890716374269008
294,1904-07-01,-128.66249999999997,0.25551900584795295
295,1904-08-01,-130.07916666666665,0.1357508354218886
296,1904-09-01,-131.6875,-0.3988669590643269
297,1904-10-01,-133.0,-0.17132936507936522
298,1904-11-01,-133.9375,-0.5654083124477856
299,1904-12-01,-134.58333333333334,-0.5469246031746022
300,1905-01-01,-134.98333333333332,-0.5427579365079374
301,1905-02-01,-134.92916666666667,-0.1799133249791136
302,1905-03-01,-134.49999999999997,0.34330096073516997
303,1905-04-01,-134.0333333333333,0.38904030910609866
304,1905-05-01,-133.79999999999998,0.4925177527151199
305,1905-06-01,-133.73333333333332,0.7890716374269008
306,1905-07-01,-133.475,0.25551900584795295
307,1905-08-01,-132.775,0.1357508354218886
308,1905-09-01,-131.85416666666669,-0.3988669590643269
309,1905-10-01,-130.99166666666667,-0.17132936507936522
310,1905-11-01,-130.17083333333335,-0.5654083124477856
311,1905-12-01,-129.30416666666665,-0.5469246031746022
312,1906-01-01,-128.47083333333333,-0.5427579365079374
313,1906-02-01,-127.95416666666668,-0.1799133249791136
314,1906-03-01,-127.82083333333334,0.34330096073516997
315,1906-04-01,-127.72083333333333,0.38904030910609866
316,1906-05-01,-127.51249999999999,0.4925177527151199
317,1906-06-01,-127.13333333333333,0.7890716374269008
318,1906-07-01,-126.7875,0.25551900584795295
319,1906-08-01,-126.56249999999999,0.1357508354218886
320,1906-09-01,-126.3125,-0.3988669590643269
321,1906-10-01,-125.9375,-0.17132936507936522
322,1906-11-01,-125.66666666666666,-0.5654083124477856
323,1906-12-01,-125.61250000000001,-0.5469246031746022
324,1907-01-01,-125.74583333333334,-0.5427579365079374
325,1907-02-01,-125.85,-0.1799133249791136
326,1907-03-01,-126.06666666666666,0.34330096073516997
327,1907-04-01,-126.65833333333333,0.38904030910609866
328,1907-05-01,-127.38333333333333,0.4925177527151199
329,1907-06-01,-128.0375,0.7890716374269008
330,1907-07-01,-128.34166666666664,0.25551900584795295
331,1907-08-01,-128.52083333333331,0.1357508354218886
332,1907-09-01,-128.8,-0.3988669590643269
333,1907-10-01,-129.325,-0.17132936507936522
334,1907-11-01,-129.99166666666665,-0.5654083124477856
335,1907-12-01,-130.49583333333334,-0.5469246031746022
336,1908-01-01,-130.72916666666663,-0.5427579365079374
337,1908-02-01,-130.8125,-0.1799133249791136
338,1908-03-01,-130.79166666666666,0.34330096073516997
339,1908-04-01,-130.775,0.38904030910609866
340,1908-05-01,-130.77083333333331,0.4925177527151199
341,1908-06-01,-130.75416666666666,0.7890716374269008
342,1908-07-01,-130.65,0.25551900584795295
343,1908-08-01,-130.34166666666664,0.1357508354218886
344,1908-09-01,-129.81666666666666,-0.3988669590643269
345,1908-10-01,-129.125,-0.17132936507936522
346,1908-11-01,-128.52916666666667,-0.5654083124477856
347,1908-12-01,-128.3875,-0.5469246031746022
348,1909-01-01,-128.57916666666665,-0.5427579365079374
349,1909-02-01,-128.85416666666666,-0.1799133249791136
350,1909-03-01,-128.89999999999998,0.34330096073516997
351,1909-04-01,-128.4125,0.38904030910609866
352,1909-05-01,-127.59166666666667,0.4925177527151199
353,1909-06-01,-126.70416666666665,0.7890716374269008
354,1909-07-01,-126.29166666666666,0.25551900584795295
355,1909-08-01,-126.50416666666666,0.1357508354218886
356,1909-09-01,-127.12083333333334,-0.3988669590643269
357,1909-10-01,-127.76249999999999,-0.17132936507936522
358,1909-11-01,-127.95416666666665,-0.5654083124477856
359,1909-12-01,-127.60833333333332,-0.5469246031746022
360,1910-01-01,-127.02499999999999,-0.5427579365079374
361,1910-02-01,-126.5,-0.1799133249791136
362,1910-03-01,-126.19583333333333,0.34330096073516997
363,1910-04-01,-126.11666666666666,0.38904030910609866
364,1910-05-01,-126.20416666666665,0.4925177527151199
365,1910-06-01,-126.35416666666666,0.7890716374269008
366,1910-07-01,-126.42083333333332,0.25551900584795295
367,1910-08-01,-126.14583333333333,0.1357508354218886
368,1910-09-01,-125.5,-0.3988669590643269
369,1910-10-01,-124.76249999999999,-0.17132936507936522
370,1910-11-01,-124.27083333333333,-0.5654083124477856
371,1910-12-01,-124.03333333333333,-0.5469246031746022
372,1911-01-01,-123.84583333333333,-0.5427579365079374
373,1911-02-01,-123.34583333333333,-0.1799133249791136
374,1911-03-01,-122.36666666666665,0.34330096073516997
375,1911-04-01,-121.05416666666666,0.38904030910609866
376,1911-05-01,-119.71249999999998,0.4925177527151199
377,1911-06-01,-118.59583333333333,0.7890716374269008
378,1911-07-01,-117.82916666666665,0.25551900584795295
379,1911-08-01,-117.59166666666665,0.1357508354218886
380,1911-09-01,-117.83749999999999,-0.3988669590643269
381,1911-10-01,-118.3625,-0.17132936507936522
382,1911-11-01,-118.80833333333332,-0.5654083124477856
383,1911-12-01,-118.96249999999999,-0.5469246031746022
384,1912-01-01,-118.93333333333332,-0.5427579365079374
385,1912-02-01,-119.1125,-0.1799133249791136
386,1912-03-01,-119.62916666666666,0.34330096073516997
387,1912-04-01,-120.39999999999999,0.38904030910609866
388,1912-05-01,-121.00833333333333,0.4925177527151199
389,1912-06-01,-121.17083333333333,0.7890716374269008
390,1912-07-01,-121.07916666666667,0.25551900584795295
391,1912-08-01,-120.97083333333333,0.1357508354218886
392,1912-09-01,-120.99166666666667,-0.3988669590643269
393,1912-10-01,-121.05833333333332,-0.17132936507936522
394,1912-11-01,-121.08333333333333,-0.5654083124477856
395,1912-12-01,-121.08333333333331,-0.5469246031746022
396,1913-01-01,-120.97083333333333,-0.5427579365079374
397,1913-02-01,-120.67916666666666,-0.1799133249791136
398,1913-03-01,-120.2875,0.34330096073516997
399,1913-04-01,-119.9125,0.38904030910609866
400,1913-05-01,-119.50416666666666,0.4925177527151199
401,1913-06-01,-119.32499999999999,0.7890716374269008
402,1913-07-01,-119.02083333333333,0.25551900584795295
403,1913-08-01,-118.39166666666667,0.1357508354218886
404,1913-09-01,-117.59583333333333,-0.3988669590643269
405,1913-10-01,-116.65833333333333,-0.17132936507936522
406,1913-11-01,-115.875,-0.5654083124477856
407,1913-12-01,-115.45833333333334,-0.5469246031746022
408,1914-01-01,-115.52916666666667,-0.5427579365079374
409,1914-02-01,-115.975,-0.1799133249791136
410,1914-03-01,-116.44166666666666,0.34330096073516997
411,1914-04-01,-116.44166666666666,0.38904030910609866
412,1914-05-01,-115.82499999999999,0.4925177527151199
413,1914-06-01,-114.19166666666666,0.7890716374269008
414,1914-07-01,-111.91666666666666,0.25551900584795295
415,1914-08-01,-109.45833333333333,0.1357508354218886
416,1914-09-01,-107.20833333333333,-0.3988669590643269
417,1914-10-01,-105.625,-0.17132936507936522
418,1914-11-01,-104.62083333333334,-0.5654083124477856
419,1914-12-01,-103.90833333333332,-0.5469246031746022
420,1915-01-01,-103.2875,-0.5427579365079374
421,1915-02-01,-102.69583333333333,-0.1799133249791136
422,1915-03-01,-102.29166666666666,0.34330096073516997
423,1915-04-01,-102.36666666666666,0.38904030910609866
424,1915-05-01,-102.95416666666667,0.4925177527151199
425,1915-06-01,-104.29166666666666,0.7890716374269008
426,1915-07-01,-106.01666666666667,0.25551900584795295
427,1915-08-01,-107.72916666666667,0.1357508354218886
428,1915-09-01,-108.94166666666666,-0.3988669590643269
429,1915-10-01,-109.35,-0.17132936507936522
430,1915-11-01,-109.1875,-0.5654083124477856
431,1915-12-01,-108.82083333333333,-0.5469246031746022
432,1916-01-01,-108.6125,-0.5427579365079374
433,1916-02-01,-108.59583333333333,-0.1799133249791136
434,1916-03-01,-108.58333333333333,0.34330096073516997
435,1916-04-01,-108.3625,0.38904030910609866
436,1916-05-01,-107.97083333333333,0.4925177527151199
437,1916-06-01,-107.42083333333332,0.7890716374269008
438,1916-07-01,-107.07916666666665,0.25551900584795295
439,1916-08-01,-107.15833333333333,0.1357508354218886
440,1916-09-01,-107.74583333333334,-0.3988669590643269
441,1916-10-01,-108.70833333333333,-0.17132936507936522
442,1916-11-01,-109.7125,-0.5654083124477856
443,1916-12-01,-110.47083333333333,-0.5469246031746022
444,1917-01-01,-110.65,-0.5427579365079374
445,1917-02-01,-110.36666666666666,-0.1799133249791136
446,1917-03-01,-110.0625,0.34330096073516997
447,1917-04-01,-110.03333333333333,0.38904030910609866
448,1917-05-01,-110.50416666666666,0.4925177527151199
449,1917-06-01,-111.275,0.7890716374269008
450,1917-07-01,-111.92083333333332,0.25551900584795295
451,1917-08-01,-112.39166666666665,0.1357508354218886
452,1917-09-01,-112.69166666666666,-0.3988669590643269
453,1917-10-01,-112.85833333333332,-0.17132936507936522
454,1917-11-01,-112.88749999999999,-0.5654083124477856
455,1917-12-01,-112.81666666666666,-0.5469246031746022
456,1918-01-01,-112.85,-0.5427579365079374
457,1918-02-01,-113.05416666666666,-0.1799133249791136
458,1918-03-01,-113.10833333333332,0.34330096073516997
459,1918-04-01,-112.99583333333332,0.38904030910609866
460,1918-05-01,-112.87083333333332,0.4925177527151199
461,1918-06-01,-113.00416666666666,0.7890716374269008
462,1918-07-01,-113.56666666666665,0.25551900584795295
463,1918-08-01,-114.18333333333332,0.1357508354218886
464,1918-09-01,-114.57916666666665,-0.3988669590643269
465,1918-10-01,-114.63749999999999,-0.17132936507936522
466,1918-11-01,-114.4875,-0.5654083124477856
467,1918-12-01,-114.13749999999999,-0.5469246031746022
468,1919-01-01,-113.65416666666665,-0.5427579365079374
469,1919-02-01,-113.02083333333333,-0.1799133249791136
470,1919-03-01,-112.40416666666667,0.34330096073516997
471,1919-04-01,-112.0625,0.38904030910609866
472,1919-05-01,-111.83749999999999,0.4925177527151199
473,1919-06-01,-111.675,0.7890716374269008
474,1919-07-01,-111.45833333333333,0.25551900584795295
475,1919-08-01,-111.19999999999999,0.1357508354218886
476,1919-09-01,-110.9875,-0.3988669590643269
477,1919-10-01,-110.76249999999999,-0.17132936507936522
478,1919-11-01,-110.40416666666667,-0.5654083124477856
479,1919-12-01,-110.07499999999999,-0.5469246031746022
480,1920-01-01,-109.80833333333334,-0.5427579365079374
481,1920-02-01,-109.75416666666666,-0.1799133249791136
482,1920-03-01,-110.04166666666666,0.34330096073516997
483,1920-04-01,-110.32083333333333,0.38904030910609866
484,1920-05-01,-110.5125,0.4925177527151199
485,1920-06-01,-110.42916666666667,0.7890716374269008
486,1920-07-01,-110.04583333333333,0.25551900584795295
487,1920-08-01,-109.425,0.1357508354218886
488,1920-09-01,-108.5625,-0.3988669590643269
489,1920-10-01,-107.78333333333333,-0.17132936507936522
490,1920-11-01,-107.22916666666666,-0.5654083124477856
491,1920-12-01,-107.00416666666666,-0.5469246031746022
492,1921-01-01,-107.07916666666665,-0.5427579365079374
493,1921-02-01,-107.37916666666666,-0.1799133249791136
494,1921-03-01,-107.79166666666666,0.34330096073516997
495,1921-04-01,-108.07916666666665,0.38904030910609866
496,1921-05-01,-108.23333333333332,0.4925177527151199
497,1921-06-01,-108.26249999999999,0.7890716374269008
498,1921-07-01,-108.27499999999999,0.25551900584795295
499,1921-08-01,-108.30833333333334,0.1357508354218886
500,1921-09-01,-108.40416666666665,-0.3988669590643269
501,1921-10-01,-108.62916666666665,-0.17132936507936522
502,1921-11-01,-108.90833333333333,-0.5654083124477856
503,1921-12-01,-109.17916666666667,-0.5469246031746022
504,1922-01-01,-109.54999999999998,-0.5427579365079374
505,1922-02-01,-109.94999999999999,-0.1799133249791136
506,1922-03-01,-110.18333333333332,0.34330096073516997
507,1922-04-01,-110.25,0.38904030910609866
508,1922-05-01,-109.93333333333334,0.4925177527151199
509,1922-06-01,-109.38333333333333,0.7890716374269008
510,1922-07-01,-108.85833333333333,0.25551900584795295
511,1922-08-01,-108.69583333333333,0.1357508354218886
512,1922-09-01,-108.79583333333332,-0.3988669590643269
513,1922-10-01,-108.64999999999999,-0.17132936507936522
514,1922-11-01,-108.23333333333332,-0.5654083124477856
515,1922-12-01,-107.77916666666667,-0.5469246031746022
516,1923-01-01,-107.44166666666666,-0.5427579365079374
517,1923-02-01,-107.10833333333332,-0.1799133249791136
518,1923-03-01,-106.6875,0.34330096073516997
519,1923-04-01,-106.325,0.38904030910609866
520,1923-05-01,-106.51249999999999,0.4925177527151199
521,1923-06-01,-107.37916666666666,0.7890716374269008
522,1923-07-01,-108.5,0.25551900584795295
523,1923-08-01,-109.20416666666665,0.1357508354218886
524,1923-09-01,-109.57916666666665,-0.3988669590643269
525,1923-10-01,-110.14999999999999,-0.17132936507936522
526,1923-11-01,-111.15416666666667,-0.5654083124477856
527,1923-12-01,-112.375,-0.5469246031746022
528,1924-01-01,-113.32083333333333,-0.5427579365079374
529,1924-02-01,-113.94166666666666,-0.1799133249791136
530,1924-03-01,-114.38749999999999,0.34330096073516997
531,1924-04-01,-114.85,0.38904030910609866
532,1924-05-01,-115.22916666666666,0.4925177527151199
533,1924-06-01,-115.29583333333332,0.7890716374269008
534,1924-07-01,-114.99583333333334,0.25551900584795295
535,1924-08-01,-114.67083333333333,0.1357508354218886
536,1924-09-01,-114.54583333333332,-0.3988669590643269
537,1924-10-01,-114.65416666666667,-0.17132936507936522
538,1924-11-01,-114.78333333333333,-0.5654083124477856
539,1924-12-01,-114.75416666666666,-0.5469246031746022
540,1925-01-01,-114.67916666666665,-0.5427579365079374
541,1925-02-01,-114.625,-0.1799133249791136
542,1925-03-01,-114.60833333333332,0.34330096073516997
543,1925-04-01,-114.46666666666667,0.38904030910609866
544,1925-05-01,-114.09583333333333,0.4925177527151199
545,1925-06-01,-113.51666666666667,0.7890716374269008
546,1925-07-01,-113.15,0.25551900584795295
547,1925-08-01,-113.175,0.1357508354218886
548,1925-09-01,-113.3625,-0.3988669590643269
549,1925-10-01,-113.35833333333333,-0.17132936507936522
550,1925-11-01,-113.04583333333333,-0.5654083124477856
551,1925-12-01,-112.55416666666666,-0.5469246031746022
552,1926-01-01,-111.8,-0.5427579365079374
553,1926-02-01,-110.58333333333333,-0.1799133249791136
554,1926-03-01,-109.07499999999999,0.34330096073516997
555,1926-04-01,-107.64166666666667,0.38904030910609866
556,1926-05-01,-106.73750000000001,0.4925177527151199
557,1926-06-01,-106.60833333333332,0.7890716374269008
558,1926-07-01,-106.77916666666667,0.25551900584795295
559,1926-08-01,-106.7375,0.1357508354218886
560,1926-09-01,-106.26666666666665,-0.3988669590643269
561,1926-10-01,-105.61666666666666,-0.17132936507936522
562,1926-11-01,-105.1,-0.5654083124477856
563,1926-12-01,-104.75833333333333,-0.5469246031746022
564,1927-01-01,-104.69999999999999,-0.5427579365079374
565,1927-02-01,-105.01666666666665,-0.1799133249791136
566,1927-03-01,-105.77499999999999,0.34330096073516997
567,1927-04-01,-106.73333333333333,0.38904030910609866
568,1927-05-01,-107.37916666666666,0.4925177527151199
569,1927-06-01,-107.67083333333332,0.7890716374269008
570,1927-07-01,-107.9375,0.25551900584795295
571,1927-08-01,-108.47083333333333,0.1357508354218886
572,1927-09-01,-109.17916666666666,-0.3988669590643269
573,1927-10-01,-109.76249999999999,-0.17132936507936522
574,1927-11-01,-110.14166666666667,-0.5654083124477856
575,1927-12-01,-110.36666666666667,-0.5469246031746022
576,1928-01-01,-110.42916666666666,-0.5427579365079374
577,1928-02-01,-110.49583333333334,-0.1799133249791136
578,1928-03-01,-110.42916666666666,0.34330096073516997
579,1928-04-01,-110.46249999999999,0.38904030910609866
580,1928-05-01,-110.84583333333332,0.4925177527151199
581,1928-06-01,-111.35,0.7890716374269008
582,1928-07-01,-111.77916666666667,0.25551900584795295
583,1928-08-01,-111.83333333333333,0.1357508354218886
584,1928-09-01,-111.65833333333332,-0.3988669590643269
585,1928-10-01,-111.43333333333334,-0.17132936507936522
586,1928-11-01,-111.35,-0.5654083124477856
587,1928-12-01,-111.38333333333333,-0.5469246031746022
588,1929-01-01,-111.375,-0.5427579365079374
589,1929-02-01,-111.40833333333332,-0.1799133249791136
590,1929-03-01,-111.47916666666666,0.34330096073516997
591,1929-04-01,-111.44166666666666,0.38904030910609866
592,1929-05-01,-111.1,0.4925177527151199
593,1929-06-01,-110.55833333333334,0.7890716374269008
594,1929-07-01,-109.86666666666666,0.25551900584795295
595,1929-08-01,-109.30416666666666,0.1357508354218886
596,1929-09-01,-109.11666666666666,-0.3988669590643269
597,1929-10-01,-109.3625,-0.17132936507936522
598,1929-11-01,-109.76666666666665,-0.5654083124477856
599,1929-12-01,-109.86666666666665,-0.5469246031746022
600,1930-01-01,-109.52499999999998,-0.5427579365079374
601,1930-02-01,-108.77083333333333,-0.1799133249791136
602,1930-03-01,-107.9875,0.34330096073516997
603,1930-04-01,-107.30416666666666,0.38904030910609866
604,1930-05-01,-106.82499999999999,0.4925177527151199
605,1930-06-01,-106.49583333333334,0.7890716374269008
606,1930-07-01,-106.15416666666667,0.25551900584795295
607,1930-08-01,-105.85833333333332,0.1357508354218886
608,1930-09-01,-105.48749999999998,-0.3988669590643269
609,1930-10-01,-105.00833333333333,-0.17132936507936522
610,1930-11-01,-104.50416666666666,-0.5654083124477856
611,1930-12-01,-104.25,-0.5469246031746022
612,1931-01-01,-104.4125,-0.5427579365079374
613,1931-02-01,-104.88333333333333,-0.1799133249791136
614,1931-03-01,-105.51249999999999,0.34330096073516997
615,1931-04-01,-106.13749999999999,0.38904030910609866
616,1931-05-01,-106.62916666666666,0.4925177527151199
617,1931-06-01,-106.75416666666666,0.7890716374269008
618,1931-07-01,-106.58333333333333,0.25551900584795295
619,1931-08-01,-106.12083333333334,0.1357508354218886
620,1931-09-01,-105.57499999999999,-0.3988669590643269
621,1931-10-01,-105.04166666666666,-0.17132936507936522
622,1931-11-01,-104.53333333333333,-0.5654083124477856
623,1931-12-01,-104.20833333333333,-0.5469246031746022
624,1932-01-01,-104.04166666666666,-0.5427579365079374
625,1932-02-01,-103.99166666666667,-0.1799133249791136
626,1932-03-01,-103.72083333333332,0.34330096073516997
627,1932-04-01,-103.1375,0.38904030910609866
628,1932-05-01,-102.30416666666666,0.4925177527151199
629,1932-06-01,-101.425,0.7890716374269008
630,1932-07-01,-100.60416666666666,0.25551900584795295
631,1932-08-01,-99.85,0.1357508354218886
632,1932-09-01,-99.13333333333333,-0.3988669590643269
633,1932-10-01,-98.4125,-0.17132936507936522
634,1932-11-01,-97.79166666666666,-0.5654083124477856
635,1932-12-01,-97.17499999999998,-0.5469246031746022
636,1933-01-01,-96.74583333333332,-0.5427579365079374
637,1933-02-01,-96.42499999999998,-0.1799133249791136
638,1933-03-01,-96.15416666666665,0.34330096073516997
639,1933-04-01,-96.01666666666665,0.38904030910609866
640,1933-05-01,-96.1,0.4925177527151199
641,1933-06-01,-96.47916666666666,0.7890716374269008
642,1933-07-01,-97.01249999999999,0.25551900584795295
643,1933-08-01,-97.58749999999999,0.1357508354218886
644,1933-09-01,-98.02083333333333,-0.3988669590643269
645,1933-10-01,-98.41666666666667,-0.17132936507936522
646,1933-11-01,-98.77916666666665,-0.5654083124477856
647,1933-12-01,-99.26666666666665,-0.5469246031746022
648,1934-01-01,-99.7875,-0.5427579365079374
649,1934-02-01,-100.36666666666666,-0.1799133249791136
650,1934-03-01,-101.04999999999998,0.34330096073516997
651,1934-04-01,-101.74166666666667,0.38904030910609866
652,1934-05-01,-102.16666666666666,0.4925177527151199
653,1934-06-01,-102.1125,0.7890716374269008
654,1934-07-01,-101.79166666666667,0.25551900584795295
655,1934-08-01,-101.30000000000001,0.1357508354218886
656,1934-09-01,-100.89999999999999,-0.3988669590643269
657,1934-10-01,-100.4875,-0.17132936507936522
658,1934-11-01,-100.07916666666667,-0.5654083124477856
659,1934-12-01,-99.57499999999999,-0.5469246031746022
660,1935-01-01,-98.89166666666665,-0.5427579365079374
661,1935-02-01,-98.09166666666667,-0.1799133249791136
662,1935-03-01,-97.31666666666666,0.34330096073516997
663,1935-04-01,-96.70833333333331,0.38904030910609866
664,1935-05-01,-96.41666666666666,0.4925177527151199
665,1935-06-01,-96.44583333333333,0.7890716374269008
666,1935-07-01,-96.53333333333333,0.25551900584795295
667,1935-08-01,-96.65833333333333,0.1357508354218886
668,1935-09-01,-96.97916666666666,-0.3988669590643269
669,1935-10-01,-97.69166666666666,-0.17132936507936522
670,1935-11-01,-98.53333333333333,-0.5654083124477856
671,1935-12-01,-99.24166666666666,-0.5469246031746022
672,1936-01-01,-99.875,-0.5427579365079374
673,1936-02-01,-100.39166666666667,-0.1799133249791136
674,1936-03-01,-100.80833333333334,0.34330096073516997
675,1936-04-01,-100.94166666666666,0.38904030910609866
676,1936-05-01,-100.76666666666665,0.4925177527151199
677,1936-06-01,-100.53333333333333,0.7890716374269008
678,1936-07-01,-100.46666666666665,0.25551900584795295
679,1936-08-01,-100.50833333333333,0.1357508354218886
680,1936-09-01,-100.32083333333333,-0.3988669590643269
681,1936-10-01,-99.79166666666666,-0.17132936507936522
682,1936-11-01,-99.02083333333333,-0.5654083124477856
683,1936-12-01,-98.41666666666666,-0.5469246031746022
684,1937-01-01,-97.94583333333333,-0.5427579365079374
685,1937-02-01,-97.5375,-0.1799133249791136
686,1937-03-01,-96.98749999999998,0.34330096073516997
687,1937-04-01,-96.33749999999999,0.38904030910609866
688,1937-05-01,-95.71249999999999,0.4925177527151199
689,1937-06-01,-95.01249999999999,0.7890716374269008
690,1937-07-01,-94.225,0.25551900584795295
691,1937-08-01,-93.44583333333333,0.1357508354218886
692,1937-09-01,-92.73333333333332,-0.3988669590643269
693,1937-10-01,-92.10416666666667,-0.17132936507936522
694,1937-11-01,-91.82499999999999,-0.5654083124477856
695,1937-12-01,-91.77083333333334,-0.5469246031746022
696,1938-01-01,-91.9625,-0.5427579365079374
697,1938-02-01,-92.17500000000001,-0.1799133249791136
698,1938-03-01,-92.28333333333333,0.34330096073516997
699,1938-04-01,-92.26249999999999,0.38904030910609866
700,1938-05-01,-92.08333333333333,0.4925177527151199
701,1938-06-01,-92.04583333333333,0.7890716374269008
702,1938-07-01,-92.17083333333333,0.25551900584795295
703,1938-08-01,-92.6,0.1357508354218886
704,1938-09-01,-93.17916666666667,-0.3988669590643269
705,1938-10-01,-93.49583333333334,-0.17132936507936522
706,1938-11-01,-93.17916666666666,-0.5654083124477856
707,1938-12-01,-91.99583333333334,-0.5469246031746022
708,1939-01-01,-90.21249999999999,-0.5427579365079374
709,1939-02-01,-88.49999999999999,-0.1799133249791136
710,1939-03-01,-87.39166666666665,0.34330096073516997
711,1939-04-01,-87.02083333333333,0.38904030910609866
712,1939-05-01,-87.01249999999999,0.4925177527151199
713,1939-06-01,-86.93333333333332,0.7890716374269008
714,1939-07-01,-86.80416666666666,0.25551900584795295
715,1939-08-01,-86.52916666666667,0.1357508354218886
716,1939-09-01,-86.30000000000001,-0.3988669590643269
717,1939-10-01,-86.53333333333333,-0.17132936507936522
718,1939-11-01,-87.3,-0.5654083124477856
719,1939-12-01,-88.77916666666667,-0.5469246031746022
720,1940-01-01,-90.64583333333333,-0.5427579365079374
721,1940-02-01,-92.19999999999999,-0.1799133249791136
722,1940-03-01,-93.07916666666667,0.34330096073516997
723,1940-04-01,-93.17083333333332,0.38904030910609866
724,1940-05-01,-92.84583333333333,0.4925177527151199
725,1940-06-01,-92.42083333333332,0.7890716374269008
726,1940-07-01,-92.02916666666667,0.25551900584795295
727,1940-08-01,-91.52083333333333,0.1357508354218886
728,1940-09-01,-90.74166666666667,-0.3988669590643269
729,1940-10-01,-89.62083333333334,-0.17132936507936522
730,1940-11-01,-88.29583333333333,-0.5654083124477856
731,1940-12-01,-86.8375,-0.5469246031746022
732,1941-01-01,-85.15,-0.5427579365079374
733,1941-02-01,-83.35416666666666,-0.1799133249791136
734,1941-03-01,-81.68333333333334,0.34330096073516997
735,1941-04-01,-80.52083333333333,0.38904030910609866
736,1941-05-01,-80.05,0.4925177527151199
737,1941-06-01,-79.99583333333332,0.7890716374269008
738,1941-07-01,-80.02499999999999,0.25551900584795295
739,1941-08-01,-80.18333333333332,0.1357508354218886
740,1941-09-01,-80.50416666666666,-0.3988669590643269
741,1941-10-01,-80.975,-0.17132936507936522
742,1941-11-01,-81.39583333333331,-0.5654083124477856
743,1941-12-01,-81.5625,-0.5469246031746022
744,1942-01-01,-81.5875,-0.5427579365079374
745,1942-02-01,-81.65416666666667,-0.1799133249791136
746,1942-03-01,-81.67916666666666,0.34330096073516997
747,1942-04-01,-81.5,0.38904030910609866
748,1942-05-01,-80.98333333333332,0.4925177527151199
749,1942-06-01,-80.32916666666665,0.7890716374269008
750,1942-07-01,-79.6,0.25551900584795295
751,1942-08-01,-78.70833333333334,0.1357508354218886
752,1942-09-01,-77.79166666666666,-0.3988669590643269
753,1942-10-01,-76.82916666666667,-0.17132936507936522
754,1942-11-01,-76.07499999999999,-0.5654083124477856
755,1942-12-01,-75.65833333333333,-0.5469246031746022
756,1943-01-01,-75.67083333333333,-0.5427579365079374
757,1943-02-01,-76.14166666666667,-0.1799133249791136
758,1943-03-01,-76.89583333333334,0.34330096073516997
759,1943-04-01,-77.77916666666667,0.38904030910609866
760,1943-05-01,-78.69999999999999,0.4925177527151199
761,1943-06-01,-79.59166666666665,0.7890716374269008
762,1943-07-01,-80.36666666666666,0.25551900584795295
763,1943-08-01,-80.87916666666666,0.1357508354218886
764,1943-09-01,-81.0375,-0.3988669590643269
765,1943-10-01,-81.24583333333334,-0.17132936507936522
766,1943-11-01,-81.77083333333333,-0.5654083124477856
767,1943-12-01,-82.67916666666666,-0.5469246031746022
768,1944-01-01,-83.78333333333333,-0.5427579365079374
769,1944-02-01,-84.82083333333333,-0.1799133249791136
770,1944-03-01,-85.70833333333333,0.34330096073516997
771,1944-04-01,-86.30416666666666,0.38904030910609866
772,1944-05-01,-86.54166666666666,0.4925177527151199
773,1944-06-01,-86.5,0.7890716374269008
774,1944-07-01,-86.4875,0.25551900584795295
775,1944-08-01,-86.84583333333333,0.1357508354218886
776,1944-09-01,-87.61666666666666,-0.3988669590643269
777,1944-10-01,-88.2875,-0.17132936507936522
778,1944-11-01,-88.35416666666666,-0.5654083124477856
779,1944-12-01,-87.65416666666667,-0.5469246031746022
780,1945-01-01,-86.59583333333333,-0.5427579365079374
781,1945-02-01,-85.5875,-0.1799133249791136
782,1945-03-01,-84.8375,0.34330096073516997
783,1945-04-01,-84.36666666666667,0.38904030910609866
784,1945-05-01,-84.05833333333332,0.4925177527151199
785,1945-06-01,-83.80416666666666,0.7890716374269008
786,1945-07-01,-83.55,0.25551900584795295
787,1945-08-01,-83.20833333333333,0.1357508354218886
788,1945-09-01,-82.69166666666666,-0.3988669590643269
789,1945-10-01,-82.06666666666666,-0.17132936507936522
790,1945-11-01,-81.28333333333333,-0.5654083124477856
791,1945-12-01,-80.49166666666666,-0.5469246031746022
792,1946-01-01,-79.52083333333333,-0.5427579365079374
793,1946-02-01,-78.425,-0.1799133249791136
794,1946-03-01,-77.40833333333333,0.34330096073516997
795,1946-04-01,-76.625,0.38904030910609866
796,1946-05-01,-76.21249999999999,0.4925177527151199
797,1946-06-01,-76.08749999999999,0.7890716374269008
798,1946-07-01,-76.10833333333333,0.25551900584795295
799,1946-08-01,-76.17916666666667,0.1357508354218886
800,1946-09-01,-76.17916666666666,-0.3988669590643269
801,1946-10-01,-76.29583333333332,-0.17132936507936522
802,1946-11-01,-76.75,-0.5654083124477856
803,1946-12-01,-77.325,-0.5469246031746022
804,1947-01-01,-77.88333333333333,-0.5427579365079374
805,1947-02-01,-78.17083333333332,-0.1799133249791136
806,1947-03-01,-77.94166666666666,0.34330096073516997
807,1947-04-01,-77.07499999999999,0.38904030910609866
808,1947-05-01,-75.57083333333333,0.4925177527151199
809,1947-06-01,-73.80416666666666,0.7890716374269008
810,1947-07-01,-72.175,0.25551900584795295
811,1947-08-01,-70.92083333333333,0.1357508354218886
812,1947-09-01,-70.14166666666667,-0.3988669590643269
813,1947-10-01,-69.46249999999999,-0.17132936507936522
814,1947-11-01,-68.65833333333333,-0.5654083124477856
815,1947-12-01,-67.9125,-0.5469246031746022
816,1948-01-01,-67.3,-0.5427579365079374
817,1948-02-01,-66.925,-0.1799133249791136
818,1948-03-01,-66.82499999999999,0.34330096073516997
819,1948-04-01,-67.01249999999999,0.38904030910609866
820,1948-05-01,-67.52083333333333,0.4925177527151199
821,1948-06-01,-68.02499999999999,0.7890716374269008
822,1948-07-01,-68.22083333333333,0.25551900584795295
823,1948-08-01,-68.02499999999999,0.1357508354218886
824,1948-09-01,-67.6875,-0.3988669590643269
825,1948-10-01,-67.52083333333333,-0.17132936507936522
826,1948-11-01,-67.60416666666666,-0.5654083124477856
827,1948-12-01,-67.8375,-0.5469246031746022
828,1949-01-01,-68.19166666666666,-0.5427579365079374
829,1949-02-01,-68.52083333333333,-0.1799133249791136
830,1949-03-01,-68.82916666666665,0.34330096073516997
831,1949-04-01,-69.08333333333333,0.38904030910609866
832,1949-05-01,-69.225,0.4925177527151199
833,1949-06-01,-69.4125,0.7890716374269008
834,1949-07-01,-69.73333333333332,0.25551900584795295
835,1949-08-01,-70.26666666666665,0.1357508354218886
836,1949-09-01,-70.72083333333333,-0.3988669590643269
837,1949-10-01,-70.83333333333333,-0.17132936507936522
838,1949-11-01,-70.64166666666667,-0.5654083124477856
839,1949-12-01,-70.3125,-0.5469246031746022
840,1950-01-01,-69.93333333333334,-0.5427579365079374
841,1950-02-01,-69.61666666666667,-0.1799133249791136
842,1950-03-01,-69.25416666666666,0.34330096073516997
843,1950-04-01,-68.8,0.38904030910609866
844,1950-05-01,-68.2875,0.4925177527151199
845,1950-06-01,-67.64166666666665,0.7890716374269008
846,1950-07-01,-66.9375,0.25551900584795295
847,1950-08-01,-65.99583333333332,0.1357508354218886
848,1950-09-01,-64.6125,-0.3988669590643269
849,1950-10-01,-63.06666666666667,-0.17132936507936522
850,1950-11-01,-61.59166666666667,-0.5654083124477856
851,1950-12-01,-60.354166666666664,-0.5469246031746022
852,1951-01-01,-59.470833333333324,-0.5427579365079374
853,1951-02-01,-58.83333333333333,-0.1799133249791136
854,1951-03-01,-58.33333333333333,0.34330096073516997
855,1951-04-01,-57.96249999999999,0.38904030910609866
856,1951-05-01,-57.74583333333333,0.4925177527151199
857,1951-06-01,-57.74583333333333,0.7890716374269008
858,1951-07-01,-57.887499999999996,0.25551900584795295
859,1951-08-01,-58.18333333333334,0.1357508354218886
860,1951-09-01,-58.95833333333333,-0.3988669590643269
861,1951-10-01,-60.041666666666664,-0.17132936507936522
862,1951-11-01,-61.12916666666666,-0.5654083124477856
863,1951-12-01,-61.8875,-0.5469246031746022
864,1952-01-01,-62.224999999999994,-0.5427579365079374
865,1952-02-01,-62.275,-0.1799133249791136
866,1952-03-01,-62.1,0.34330096073516997
867,1952-04-01,-61.83333333333333,0.38904030910609866
868,1952-05-01,-61.400000000000006,0.4925177527151199
869,1952-06-01,-60.75416666666667,0.7890716374269008
870,1952-07-01,-60.00416666666666,0.25551900584795295
871,1952-08-01,-59.34583333333333,0.1357508354218886
872,1952-09-01,-58.79166666666667,-0.3988669590643269
873,1952-10-01,-58.166666666666664,-0.17132936507936522
874,1952-11-01,-57.354166666666664,-0.5654083124477856
875,1952-12-01,-56.425,-0.5469246031746022
876,1953-01-01,-55.55,-0.5427579365079374
877,1953-02-01,-54.875,-0.1799133249791136
878,1953-03-01,-54.545833333333334,0.34330096073516997
879,1953-04-01,-54.56666666666667,0.38904030910609866
880,1953-05-01,-54.954166666666666,0.4925177527151199
881,1953-06-01,-55.6125,0.7890716374269008
882,1953-07-01,-56.21249999999999,0.25551900584795295
883,1953-08-01,-56.52499999999999,0.1357508354218886
884,1953-09-01,-56.55416666666666,-0.3988669590643269
885,1953-10-01,-56.65833333333333,-0.17132936507936522
886,1953-11-01,-57.06666666666666,-0.5654083124477856
887,1953-12-01,-57.829166666666666,-0.5469246031746022
888,1954-01-01,-58.824999999999996,-0.5427579365079374
889,1954-02-01,-59.75,-0.1799133249791136
890,1954-03-01,-60.39583333333333,0.34330096073516997
891,1954-04-01,-60.54166666666666,0.38904030910609866
892,1954-05-01,-60.14583333333333,0.4925177527151199
893,1954-06-01,-59.37916666666666,0.7890716374269008
894,1954-07-01,-58.50833333333333,0.25551900584795295
895,1954-08-01,-57.729166666666664,0.1357508354218886
896,1954-09-01,-57.1875,-0.3988669590643269
897,1954-10-01,-56.8875,-0.17132936507936522
898,1954-11-01,-56.87083333333334,-0.5654083124477856
899,1954-12-01,-57.06666666666666,-0.5469246031746022
900,1955-01-01,-57.24583333333334,-0.5427579365079374
901,1955-02-01,-57.2375,-0.1799133249791136
902,1955-03-01,-57.1125,0.34330096073516997
903,1955-04-01,-57.05416666666666,0.38904030910609866
904,1955-05-01,-57.20833333333333,0.4925177527151199
905,1955-06-01,-57.67916666666666,0.7890716374269008
906,1955-07-01,-58.383333333333326,0.25551900584795295
907,1955-08-01,-59.33749999999999,0.1357508354218886
908,1955-09-01,-60.258333333333326,-0.3988669590643269
909,1955-10-01,-60.71666666666667,-0.17132936507936522
910,1955-11-01,-60.6875,-0.5654083124477856
911,1955-12-01,-60.4,-0.5469246031746022
912,1956-01-01,-60.166666666666664,-0.5427579365079374
913,1956-02-01,-60.233333333333334,-0.1799133249791136
914,1956-03-01,-60.55833333333332,0.34330096073516997
915,1956-04-01,-61.162499999999994,0.38904030910609866
916,1956-05-01,-61.99583333333333,0.4925177527151199
917,1956-06-01,-62.77083333333333,0.7890716374269008
918,1956-07-01,-63.229166666666664,0.25551900584795295
919,1956-08-01,-62.9625,0.1357508354218886
920,1956-09-01,-62.0625,-0.3988669590643269
921,1956-10-01,-61.07083333333333,-0.17132936507936522
922,1956-11-01,-60.05833333333333,-0.5654083124477856
923,1956-12-01,-58.90833333333333,-0.5469246031746022
924,1957-01-01,-57.5,-0.5427579365079374
925,1957-02-01,-55.979166666666664,-0.1799133249791136
926,1957-03-01,-54.541666666666664,0.34330096073516997
927,1957-04-01,-53.137499999999996,0.38904030910609866
928,1957-05-01,-51.70833333333333,0.4925177527151199
929,1957-06-01,-50.325,0.7890716374269008
930,1957-07-01,-49.15,0.25551900584795295
931,1957-08-01,-48.445833333333326,0.1357508354218886
932,1957-09-01,-48.275,-0.3988669590643269
933,1957-10-01,-48.449999999999996,-0.17132936507936522
934,1957-11-01,-48.849999999999994,-0.5654083124477856
935,1957-12-01,-49.30833333333334,-0.5469246031746022
936,1958-01-01,-49.7125,-0.5427579365079374
937,1958-02-01,-49.9,-0.1799133249791136
938,1958-03-01,-49.84583333333333,0.34330096073516997
939,1958-04-01,-49.5625,0.38904030910609866
940,1958-05-01,-49.12916666666666,0.4925177527151199
941,1958-06-01,-48.60833333333333,0.7890716374269008
942,1958-07-01,-48.17916666666666,0.25551900584795295
943,1958-08-01,-48.037499999999994,0.1357508354218886
944,1958-09-01,-48.104166666666664,-0.3988669590643269
945,1958-10-01,-48.12916666666666,-0.17132936507936522
946,1958-11-01,-48.025,-0.5654083124477856
947,1958-12-01,-47.8625,-0.5469246031746022
948,1959-01-01,-47.675,-0.5427579365079374
949,1959-02-01,-47.449999999999996,-0.1799133249791136
950,1959-03-01,-47.24583333333334,0.34330096073516997
951,1959-04-01,-47.166666666666664,0.38904030910609866
952,1959-05-01,-47.358333333333334,0.4925177527151199
953,1959-06-01,-47.795833333333334,0.7890716374269008
954,1959-07-01,-48.162499999999994,0.25551900584795295
955,1959-08-01,-48.15,0.1357508354218886
956,1959-09-01,-47.75416666666666,-0.3988669590643269
957,1959-10-01,-47.225,-0.17132936507936522
958,1959-11-01,-46.633333333333326,-0.5654083124477856
959,1959-12-01,-46.108333333333334,-0.5469246031746022
960,1960-01-01,-45.72083333333333,-0.5427579365079374
961,1960-02-01,-45.52916666666667,-0.1799133249791136
962,1960-03-01,-45.449999999999996,0.34330096073516997
963,1960-04-01,-45.387499999999996,0.38904030910609866
964,1960-05-01,-45.14583333333333,0.4925177527151199
965,1960-06-01,-44.59166666666667,0.7890716374269008
966,1960-07-01,-43.81249999999999,0.25551900584795295
967,1960-08-01,-42.87083333333334,0.1357508354218886
968,1960-09-01,-41.87083333333334,-0.3988669590643269
969,1960-10-01,-40.912499999999994,-0.17132936507936522
970,1960-11-01,-40.14583333333333,-0.5654083124477856
971,1960-12-01,-39.574999999999996,-0.5469246031746022
972,1961-01-01,-39.0625,-0.5427579365079374
973,1961-02-01,-38.545833333333334,-0.1799133249791136
974,1961-03-01,-38.06666666666666,0.34330096073516997
975,1961-04-01,-37.77499999999999,0.38904030910609866
976,1961-05-01,-37.758333333333326,0.4925177527151199
977,1961-06-01,-37.95,0.7890716374269008
978,1961-07-01,-38.354166666666664,0.25551900584795295
979,1961-08-01,-39.016666666666666,0.1357508354218886
980,1961-09-01,-39.887499999999996,-0.3988669590643269
981,1961-10-01,-40.86666666666666,-0.17132936507936522
982,1961-11-01,-41.81666666666666,-0.5654083124477856
983,1961-12-01,-42.599999999999994,-0.5469246031746022
984,1962-01-01,-43.30833333333334,-0.5427579365079374
985,1962-02-01,-43.87916666666667,-0.1799133249791136
986,1962-03-01,-44.17916666666667,0.34330096073516997
987,1962-04-01,-44.108333333333334,0.38904030910609866
988,1962-05-01,-43.733333333333334,0.4925177527151199
989,1962-06-01,-43.420833333333334,0.7890716374269008
990,1962-07-01,-43.15833333333333,0.25551900584795295
991,1962-08-01,-42.9125,0.1357508354218886
992,1962-09-01,-42.6875,-0.3988669590643269
993,1962-10-01,-42.474999999999994,-0.17132936507936522
994,1962-11-01,-42.349999999999994,-0.5654083124477856
995,1962-12-01,-42.325,-0.5469246031746022
996,1963-01-01,-42.36666666666666,-0.5427579365079374
997,1963-02-01,-42.574999999999996,-0.1799133249791136
998,1963-03-01,-42.91666666666666,0.34330096073516997
999,1963-04-01,-43.4,0.38904030910609866
1000,1963-05-01,-43.95,0.4925177527151199
1001,1963-06-01,-44.545833333333334,0.7890716374269008
1002,1963-07-01,-45.52916666666667,0.25551900584795295
1003,1963-08-01,-46.90833333333333,0.1357508354218886
1004,1963-09-01,-48.49166666666667,-0.3988669590643269
1005,1963-10-01,-50.045833333333334,-0.17132936507936522
1006,1963-11-01,-51.291666666666664,-0.5654083124477856
1007,1963-12-01,-52.00416666666666,-0.5469246031746022
1008,1964-01-01,-52.20833333333333,-0.5427579365079374
1009,1964-02-01,-52.12916666666666,-0.1799133249791136
1010,1964-03-01,-52.166666666666664,0.34330096073516997
1011,1964-04-01,-52.45,0.38904030910609866
1012,1964-05-01,-52.854166666666664,0.4925177527151199
1013,1964-06-01,-52.954166666666666,0.7890716374269008
1014,1964-07-01,-52.33749999999999,0.25551900584795295
1015,1964-08-01,-50.99583333333333,0.1357508354218886
1016,1964-09-01,-49.33333333333333,-0.3988669590643269
1017,1964-10-01,-47.829166666666666,-0.17132936507936522
1018,1964-11-01,-46.77499999999999,-0.5654083124477856
1019,1964-12-01,-46.24583333333333,-0.5469246031746022
1020,1965-01-01,-45.9375,-0.5427579365079374
1021,1965-02-01,-45.525,-0.1799133249791136
1022,1965-03-01,-44.75416666666666,0.34330096073516997
1023,1965-04-01,-43.7125,0.38904030910609866
1024,1965-05-01,-42.662499999999994,0.4925177527151199
1025,1965-06-01,-41.849999999999994,0.7890716374269008
1026,1965-07-01,-41.44166666666666,0.25551900584795295
1027,1965-08-01,-41.512499999999996,0.1357508354218886
1028,1965-09-01,-41.875,-0.3988669590643269
1029,1965-10-01,-42.2125,-0.17132936507936522
1030,1965-11-01,-42.4,-0.5654083124477856
1031,1965-12-01,-42.53333333333333,-0.5469246031746022
1032,1966-01-01,-42.77499999999999,-0.5427579365079374
1033,1966-02-01,-43.204166666666666,-0.1799133249791136
1034,1966-03-01,-43.90416666666667,0.34330096073516997
1035,1966-04-01,-44.7375,0.38904030910609866
1036,1966-05-01,-45.68333333333333,0.4925177527151199
1037,1966-06-01,-46.59166666666666,0.7890716374269008
1038,1966-07-01,-47.36666666666666,0.25551900584795295
1039,1966-08-01,-48.070833333333326,0.1357508354218886
1040,1966-09-01,-48.67083333333333,-0.3988669590643269
1041,1966-10-01,-49.10833333333333,-0.17132936507936522
1042,1966-11-01,-49.28333333333333,-0.5654083124477856
1043,1966-12-01,-49.13749999999999,-0.5469246031746022
1044,1967-01-01,-48.829166666666666,-0.5427579365079374
1045,1967-02-01,-48.50416666666666,-0.1799133249791136
1046,1967-03-01,-48.099999999999994,0.34330096073516997
1047,1967-04-01,-47.59583333333333,0.38904030910609866
1048,1967-05-01,-46.8375,0.4925177527151199
1049,1967-06-01,-45.99166666666667,0.7890716374269008
1050,1967-07-01,-45.15416666666667,0.25551900584795295
1051,1967-08-01,-44.358333333333334,0.1357508354218886
1052,1967-09-01,-43.829166666666666,-0.3988669590643269
1053,1967-10-01,-43.729166666666664,-0.17132936507936522
1054,1967-11-01,-44.12083333333333,-0.5654083124477856
1055,1967-12-01,-44.87083333333333,-0.5469246031746022
1056,1968-01-01,-45.604166666666664,-0.5427579365079374
1057,1968-02-01,-45.954166666666666,-0.1799133249791136
1058,1968-03-01,-45.92916666666667,0.34330096073516997
1059,1968-04-01,-45.633333333333326,0.38904030910609866
1060,1968-05-01,-45.229166666666664,0.4925177527151199
1061,1968-06-01,-44.92083333333333,0.7890716374269008
1062,1968-07-01,-44.64999999999999,0.25551900584795295
1063,1968-08-01,-44.29166666666666,0.1357508354218886
1064,1968-09-01,-43.599999999999994,-0.3988669590643269
1065,1968-10-01,-42.45833333333333,-0.17132936507936522
1066,1968-11-01,-41.05416666666666,-0.5654083124477856
1067,1968-12-01,-39.625,-0.5469246031746022
1068,1969-01-01,-38.54166666666667,-0.5427579365079374
1069,1969-02-01,-37.94166666666666,-0.1799133249791136
1070,1969-03-01,-37.67916666666666,0.34330096073516997
1071,1969-04-01,-37.62916666666666,0.38904030910609866
1072,1969-05-01,-37.74166666666666,0.4925177527151199
1073,1969-06-01,-37.916666666666664,0.7890716374269008
1074,1969-07-01,-38.125,0.25551900584795295
1075,1969-08-01,-38.266666666666666,0.1357508354218886
1076,1969-09-01,-38.36666666666666,-0.3988669590643269
1077,1969-10-01,-38.604166666666664,-0.17132936507936522
1078,1969-11-01,-38.87083333333333,-0.5654083124477856
1079,1969-12-01,-39.0625,-0.5469246031746022
1080,1970-01-01,-39.204166666666666,-0.5427579365079374
1081,1970-02-01,-39.391666666666666,-0.1799133249791136
1082,1970-03-01,-39.704166666666666,0.34330096073516997
1083,1970-04-01,-39.983333333333334,0.38904030910609866
1084,1970-05-01,-40.10416666666667,0.4925177527151199
1085,1970-06-01,-40.0375,0.7890716374269008
1086,1970-07-01,-39.77916666666667,0.25551900584795295
1087,1970-08-01,-39.37083333333333,0.1357508354218886
1088,1970-09-01,-38.8125,-0.3988669590643269
1089,1970-10-01,-38.09583333333333,-0.17132936507936522
1090,1970-11-01,-37.4375,-0.5654083124477856
1091,1970-12-01,-37.045833333333334,-0.5469246031746022
1092,1971-01-01,-36.7375,-0.5427579365079374
1093,1971-02-01,-36.34166666666667,-0.1799133249791136
1094,1971-03-01,-35.72916666666667,0.34330096073516997
1095,1971-04-01,-35.125,0.38904030910609866
1096,1971-05-01,-34.795833333333334,0.4925177527151199
1097,1971-06-01,-34.704166666666666,0.7890716374269008
1098,1971-07-01,-34.6875,0.25551900584795295
1099,1971-08-01,-34.545833333333334,0.1357508354218886
1100,1971-09-01,-34.21666666666666,-0.3988669590643269
1101,1971-10-01,-33.70833333333333,-0.17132936507936522
1102,1971-11-01,-32.9,-0.5654083124477856
1103,1971-12-01,-31.645833333333332,-0.5469246031746022
1104,1972-01-01,-30.10833333333333,-0.5427579365079374
1105,1972-02-01,-28.741666666666667,-0.1799133249791136
1106,1972-03-01,-27.875,0.34330096073516997
1107,1972-04-01,-27.33333333333333,0.38904030910609866
1108,1972-05-01,-26.725,0.4925177527151199
1109,1972-06-01,-25.97083333333333,0.7890716374269008
1110,1972-07-01,-25.55833333333333,0.25551900584795295
1111,1972-08-01,-25.708333333333332,0.1357508354218886
1112,1972-09-01,-26.27916666666667,-0.3988669590643269
1113,1972-10-01,-26.9625,-0.17132936507936522
1114,1972-11-01,-27.724999999999998,-0.5654083124477856
1115,1972-12-01,-28.7125,-0.5469246031746022
1116,1973-01-01,-29.87083333333333,-0.5427579365079374
1117,1973-02-01,-30.979166666666664,-0.1799133249791136
1118,1973-03-01,-31.816666666666663,0.34330096073516997
1119,1973-04-01,-32.3375,0.38904030910609866
1120,1973-05-01,-32.4,0.4925177527151199
1121,1973-06-01,-31.949999999999996,0.7890716374269008
1122,1973-07-01,-30.849999999999998,0.25551900584795295
1123,1973-08-01,-29.395833333333332,0.1357508354218886
1124,1973-09-01,-27.974999999999998,-0.3988669590643269
1125,1973-10-01,-26.67083333333333,-0.17132936507936522
1126,1973-11-01,-25.40416666666666,-0.5654083124477856
1127,1973-12-01,-24.133333333333333,-0.5469246031746022
1128,1974-01-01,-22.95,-0.5427579365079374
1129,1974-02-01,-21.854166666666664,-0.1799133249791136
1130,1974-03-01,-20.862499999999997,0.34330096073516997
1131,1974-04-01,-20.058333333333334,0.38904030910609866
1132,1974-05-01,-19.645833333333332,0.4925177527151199
1133,1974-06-01,-19.6375,0.7890716374269008
1134,1974-07-01,-19.954166666666666,0.25551900584795295
1135,1974-08-01,-20.34583333333333,0.1357508354218886
1136,1974-09-01,-20.545833333333334,-0.3988669590643269
1137,1974-10-01,-20.7,-0.17132936507936522
1138,1974-11-01,-20.958333333333332,-0.5654083124477856
1139,1974-12-01,-21.320833333333333,-0.5469246031746022
1140,1975-01-01,-21.65833333333333,-0.5427579365079374
1141,1975-02-01,-21.779166666666665,-0.1799133249791136
1142,1975-03-01,-21.704166666666666,0.34330096073516997
1143,1975-04-01,-21.504166666666663,0.38904030910609866
1144,1975-05-01,-21.2875,0.4925177527151199
1145,1975-06-01,-21.237499999999997,0.7890716374269008
1146,1975-07-01,-21.349999999999998,0.25551900584795295
1147,1975-08-01,-21.654166666666665,0.1357508354218886
1148,1975-09-01,-22.12083333333333,-0.3988669590643269
1149,1975-10-01,-22.491666666666667,-0.17132936507936522
1150,1975-11-01,-22.674999999999997,-0.5654083124477856
1151,1975-12-01,-22.6,-0.5469246031746022
1152,1976-01-01,-22.4,-0.5427579365079374
1153,1976-02-01,-22.3875,-0.1799133249791136
1154,1976-03-01,-22.487499999999997,0.34330096073516997
1155,1976-04-01,-22.604166666666664,0.38904030910609866
1156,1976-05-01,-22.65,0.4925177527151199
1157,1976-06-01,-22.48333333333333,0.7890716374269008
1158,1976-07-01,-22.266666666666666,0.25551900584795295
1159,1976-08-01,-22.09583333333333,0.1357508354218886
1160,1976-09-01,-22.049999999999997,-0.3988669590643269
1161,1976-10-01,-22.275,-0.17132936507936522
1162,1976-11-01,-22.65,-0.5654083124477856
1163,1976-12-01,-23.09583333333333,-0.5469246031746022
1164,1977-01-01,-23.5125,-0.5427579365079374
1165,1977-02-01,-23.729166666666664,-0.1799133249791136
1166,1977-03-01,-23.85,0.34330096073516997
1167,1977-04-01,-23.937499999999996,0.38904030910609866
1168,1977-05-01,-24.0125,0.4925177527151199
1169,1977-06-01,-24.016666666666666,0.7890716374269008
1170,1977-07-01,-23.75,0.25551900584795295
1171,1977-08-01,-23.049999999999997,0.1357508354218886
1172,1977-09-01,-22.049999999999997,-0.3988669590643269
1173,1977-10-01,-20.9375,-0.17132936507936522
1174,1977-11-01,-19.920833333333334,-0.5654083124477856
1175,1977-12-01,-19.166666666666664,-0.5469246031746022
1176,1978-01-01,-18.6,-0.5427579365079374
1177,1978-02-01,-18.09583333333333,-0.1799133249791136
1178,1978-03-01,-17.583333333333332,0.34330096073516997
1179,1978-04-01,-17.116666666666667,0.38904030910609866
1180,1978-05-01,-16.941666666666663,0.4925177527151199
1181,1978-06-01,-17.279166666666665,0.7890716374269008
1182,1978-07-01,-18.079166666666666,0.25551900584795295
1183,1978-08-01,-19.2125,0.1357508354218886
1184,1978-09-01,-20.366666666666667,-0.3988669590643269
1185,1978-10-01,-21.43333333333333,-0.17132936507936522
1186,1978-11-01,-22.404166666666665,-0.5654083124477856
1187,1978-12-01,-23.199999999999996,-0.5469246031746022
1188,1979-01-01,-23.758333333333333,-0.5427579365079374
1189,1979-02-01,-24.025,-0.1799133249791136
1190,1979-03-01,-24.0625,0.34330096073516997
1191,1979-04-01,-23.916666666666664,0.38904030910609866
1192,1979-05-01,-23.591666666666665,0.4925177527151199
1193,1979-06-01,-22.958333333333332,0.7890716374269008
1194,1979-07-01,-21.999999999999996,0.25551900584795295
1195,1979-08-01,-20.93333333333333,0.1357508354218886
1196,1979-09-01,-19.995833333333334,-0.3988669590643269
1197,1979-10-01,-19.1625,-0.17132936507936522
1198,1979-11-01,-18.258333333333333,-0.5654083124477856
1199,1979-12-01,-17.349999999999998,-0.5469246031746022
1200,1980-01-01,-16.6875,-0.5427579365079374
1201,1980-02-01,-16.504166666666666,-0.1799133249791136
1202,1980-03-01,-16.704166666666666,0.34330096073516997
1203,1980-04-01,-17.0375,0.38904030910609866
1204,1980-05-01,-17.083333333333332,0.4925177527151199
1205,1980-06-01,-16.737499999999997,0.7890716374269008
1206,1980-07-01,-16.21666666666667,0.25551900584795295
1207,1980-08-01,-15.604166666666666,0.1357508354218886
1208,1980-09-01,-14.837499999999999,-0.3988669590643269
1209,1980-10-01,-13.883333333333333,-0.17132936507936522
1210,1980-11-01,-12.833333333333334,-0.5654083124477856
1211,1980-12-01,-11.670833333333333,-0.5469246031746022
1212,1981-01-01,-10.429166666666667,-0.5427579365079374
1213,1981-02-01,-9.045833333333333,-0.1799133249791136
1214,1981-03-01,-7.595833333333333,0.34330096073516997
1215,1981-04-01,-6.174999999999999,0.38904030910609866
1216,1981-05-01,-4.995833333333334,0.4925177527151199
1217,1981-06-01,-4.304166666666667,0.7890716374269008
1218,1981-07-01,-4.091666666666667,0.25551900584795295
1219,1981-08-01,-4.2124999999999995,0.1357508354218886
1220,1981-09-01,-4.55,-0.3988669590643269
1221,1981-10-01,-5.1625,-0.17132936507936522
1222,1981-11-01,-5.991666666666666,-0.5654083124477856
1223,1981-12-01,-6.9624999999999995,-0.5469246031746022
1224,1982-01-01,-7.979166666666666,-0.5427579365079374
1225,1982-02-01,-8.945833333333333,-0.1799133249791136
1226,1982-03-01,-9.674999999999999,0.34330096073516997
1227,1982-04-01,-10.045833333333333,0.38904030910609866
1228,1982-05-01,-10.125,0.4925177527151199
1229,1982-06-01,-9.975,0.7890716374269008
1230,1982-07-01,-9.508333333333333,0.25551900584795295
1231,1982-08-01,-8.791666666666668,0.1357508354218886
1232,1982-09-01,-7.9375,-0.3988669590643269
1233,1982-10-01,-6.7250000000000005,-0.17132936507936522
1234,1982-11-01,-5.125,-0.5654083124477856
1235,1982-12-01,-3.3875,-0.5469246031746022
1236,1983-01-01,-1.7916666666666667,-0.5427579365079374
1237,1983-02-01,-0.7041666666666668,-0.1799133249791136
1238,1983-03-01,-0.20000000000000012,0.34330096073516997
1239,1983-04-01,-0.2583333333333333,0.38904030910609866
1240,1983-05-01,-0.6624999999999999,0.4925177527151199
1241,1983-06-01,-1.1624999999999999,0.7890716374269008
1242,1983-07-01,-1.7874999999999996,0.25551900584795295
1243,1983-08-01,-2.3499999999999996,0.1357508354218886
1244,1983-09-01,-2.7624999999999997,-0.3988669590643269
1245,1983-10-01,-3.2041666666666666,-0.17132936507936522
1246,1983-11-01,-3.8375,-0.5654083124477856
1247,1983-12-01,-4.408333333333333,-0.5469246031746022
1248,1984-01-01,-4.666666666666666,-0.5427579365079374
1249,1984-02-01,-4.3875,-0.1799133249791136
1250,1984-03-01,-3.7874999999999996,0.34330096073516997
1251,1984-04-01,-3.158333333333333,0.38904030910609866
1252,1984-05-01,-2.7,0.4925177527151199
1253,1984-06-01,-2.4958333333333336,0.7890716374269008
1254,1984-07-01,-2.5124999999999997,0.25551900584795295
1255,1984-08-01,-2.7666666666666666,0.1357508354218886
1256,1984-09-01,-3.2624999999999997,-0.3988669590643269
1257,1984-10-01,-4.020833333333333,-0.17132936507936522
1258,1984-11-01,-4.929166666666665,-0.5654083124477856
1259,1984-12-01,-6.029166666666667,-0.5469246031746022
1260,1985-01-01,-7.2124999999999995,-0.5427579365079374
1261,1985-02-01,-8.533333333333333,-0.1799133249791136
1262,1985-03-01,-9.858333333333334,0.34330096073516997
1263,1985-04-01,-10.991666666666667,0.38904030910609866
1264,1985-05-01,-11.862499999999999,0.4925177527151199
1265,1985-06-01,-12.441666666666666,0.7890716374269008
1266,1985-07-01,-12.7,0.25551900584795295
1267,1985-08-01,-12.724999999999998,0.1357508354218886
1268,1985-09-01,-12.674999999999997,-0.3988669590643269
1269,1985-10-01,-12.566666666666666,-0.17132936507936522
1270,1985-11-01,-12.445833333333333,-0.5654083124477856
1271,1985-12-01,-12.287499999999998,-0.5469246031746022
1272,1986-01-01,-12.183333333333332,-0.5427579365079374
1273,1986-02-01,-12.045833333333333,-0.1799133249791136
1274,1986-03-01,-11.879166666666666,0.34330096073516997
1275,1986-04-01,-11.833333333333332,0.38904030910609866
1276,1986-05-01,-11.908333333333333,0.4925177527151199
1277,1986-06-01,-12.020833333333332,0.7890716374269008
1278,1986-07-01,-12.075,0.25551900584795295
1279,1986-08-01,-12.041666666666666,0.1357508354218886
1280,1986-09-01,-12.0125,-0.3988669590643269
1281,1986-10-01,-12.1125,-0.17132936507936522
1282,1986-11-01,-12.154166666666665,-0.5654083124477856
1283,1986-12-01,-12.045833333333333,-0.5469246031746022
1284,1987-01-01,-11.7625,-0.5427579365079374
1285,1987-02-01,-11.591666666666665,-0.1799133249791136
1286,1987-03-01,-11.708333333333332,0.34330096073516997
1287,1987-04-01,-11.899999999999999,0.38904030910609866
1288,1987-05-01,-11.924999999999997,0.4925177527151199
1289,1987-06-01,-11.645833333333332,0.7890716374269008
1290,1987-07-01,-11.370833333333334,0.25551900584795295
1291,1987-08-01,-11.254166666666666,0.1357508354218886
1292,1987-09-01,-11.1875,-0.3988669590643269
1293,1987-10-01,-10.974999999999998,-0.17132936507936522
1294,1987-11-01,-10.683333333333332,-0.5654083124477856
1295,1987-12-01,-10.454166666666666,-0.5469246031746022
1296,1988-01-01,-10.266666666666666,-0.5427579365079374
1297,1988-02-01,-9.829166666666666,-0.1799133249791136
1298,1988-03-01,-8.966666666666665,0.34330096073516997
1299,1988-04-01,-7.879166666666666,0.38904030910609866
1300,1988-05-01,-6.991666666666665,0.4925177527151199
1301,1988-06-01,-6.725,0.7890716374269008
1302,1988-07-01,-6.770833333333332,0.25551900584795295
1303,1988-08-01,-6.791666666666666,0.1357508354218886
1304,1988-09-01,-6.487499999999999,-0.3988669590643269
1305,1988-10-01,-5.8999999999999995,-0.17132936507936522
1306,1988-11-01,-5.333333333333333,-0.5654083124477856
1307,1988-12-01,-4.891666666666667,-0.5469246031746022
1308,1989-01-01,-4.5875,-0.5427579365079374
1309,1989-02-01,-4.2749999999999995,-0.1799133249791136
1310,1989-03-01,-3.966666666666667,0.34330096073516997
1311,1989-04-01,-3.6833333333333336,0.38904030910609866
1312,1989-05-01,-3.3,0.4925177527151199
1313,1989-06-01,-2.6833333333333336,0.7890716374269008
1314,1989-07-01,-1.9333333333333331,0.25551900584795295
1315,1989-08-01,-1.3249999999999997,0.1357508354218886
1316,1989-09-01,-1.1833333333333333,-0.3988669590643269
1317,1989-10-01,-1.3625,-0.17132936507936522
1318,1989-11-01,-1.5833333333333333,-0.5654083124477856
1319,1989-12-01,-1.5833333333333333,-0.5469246031746022
1320,1990-01-01,-1.3541666666666667,-0.5427579365079374
1321,1990-02-01,-1.0916666666666668,-0.1799133249791136
1322,1990-03-01,-0.8208333333333333,0.34330096073516997
1323,1990-04-01,-0.575,0.38904030910609866
1324,1990-05-01,-0.3083333333333334,0.4925177527151199
1325,1990-06-01,-0.0833333333333334,0.7890716374269008
1326,1990-07-01,0.1416666666666666,0.25551900584795295
1327,1990-08-01,0.5374999999999999,0.1357508354218886
1328,1990-09-01,1.1916666666666669,-0.3988669590643269
1329,1990-10-01,1.8041666666666667,-0.17132936507936522
1330,1990-11-01,2.154166666666667,-0.5654083124477856
1331,1990-12-01,2.2249999999999996,-0.5469246031746022
1332,1991-01-01,2.216666666666667,-0.5427579365079374
1333,1991-02-01,2.3,-0.1799133249791136
1334,1991-03-01,2.3666666666666663,0.34330096073516997
1335,1991-04-01,2.4124999999999996,0.38904030910609866
1336,1991-05-01,2.4124999999999996,0.4925177527151199
1337,1991-06-01,2.4541666666666666,0.7890716374269008
1338,1991-07-01,2.591666666666667,0.25551900584795295
1339,1991-08-01,2.770833333333333,0.1357508354218886
1340,1991-09-01,2.8499999999999996,-0.3988669590643269
1341,1991-10-01,2.9041666666666663,-0.17132936507936522
1342,1991-11-01,3.0416666666666665,-0.5654083124477856
1343,1991-12-01,3.208333333333333,-0.5469246031746022
1344,1992-01-01,3.2791666666666663,-0.5427579365079374
1345,1992-02-01,3.125,-0.1799133249791136
1346,1992-03-01,2.933333333333333,0.34330096073516997
1347,1992-04-01,2.925,0.38904030910609866
1348,1992-05-01,3.0291666666666663,0.4925177527151199
1349,1992-06-01,3.1208333333333327,0.7890716374269008
1350,1992-07-01,3.070833333333333,0.25551900584795295
1351,1992-08-01,2.8833333333333333,0.1357508354218886
1352,1992-09-01,2.8625,-0.3988669590643269
1353,1992-10-01,3.15,-0.17132936507936522
1354,1992-11-01,3.6999999999999997,-0.5654083124477856
1355,1992-12-01,4.170833333333333,-0.5469246031746022
1356,1993-01-01,4.320833333333333,-0.5427579365079374
1357,1993-02-01,4.208333333333333,-0.1799133249791136
1358,1993-03-01,3.770833333333333,0.34330096073516997
1359,1993-04-01,3.0583333333333327,0.38904030910609866
1360,1993-05-01,2.229166666666666,0.4925177527151199
1361,1993-06-01,1.6083333333333332,0.7890716374269008
1362,1993-07-01,1.445833333333333,0.25551900584795295
1363,1993-08-01,1.4833333333333332,0.1357508354218886
1364,1993-09-01,1.4791666666666665,-0.3988669590643269
1365,1993-10-01,1.3333333333333333,-0.17132936507936522
1366,1993-11-01,1.15,-0.5654083124477856
1367,1993-12-01,1.1875,-0.5469246031746022
1368,1994-01-01,1.625,-0.5427579365079374
1369,1994-02-01,2.4208333333333334,-0.1799133249791136
1370,1994-03-01,3.4208333333333334,0.34330096073516997
1371,1994-04-01,4.4625,0.38904030910609866
1372,1994-05-01,5.4125,0.4925177527151199
1373,1994-06-01,6.225,0.7890716374269008
1374,1994-07-01,6.791666666666666,0.25551900584795295
1375,1994-08-01,7.245833333333334,0.1357508354218886
1376,1994-09-01,7.666666666666666,-0.3988669590643269
1377,1994-10-01,7.995833333333333,-0.17132936507936522
1378,1994-11-01,8.154166666666665,-0.5654083124477856
1379,1994-12-01,8.175,-0.5469246031746022
1380,1995-01-01,8.1375,-0.5427579365079374
1381,1995-02-01,8.049999999999999,-0.1799133249791136
1382,1995-03-01,8.033333333333331,0.34330096073516997
1383,1995-04-01,8.1625,0.38904030910609866
1384,1995-05-01,8.541666666666666,0.4925177527151199
1385,1995-06-01,9.170833333333333,0.7890716374269008
1386,1995-07-01,9.841666666666667,0.25551900584795295
1387,1995-08-01,10.424999999999999,0.1357508354218886
1388,1995-09-01,10.720833333333333,-0.3988669590643269
1389,1995-10-01,10.741666666666667,-0.17132936507936522
1390,1995-11-01,10.725000000000001,-0.5654083124477856
1391,1995-12-01,10.7375,-0.5469246031746022
1392,1996-01-01,10.970833333333333,-0.5427579365079374
1393,1996-02-01,11.529166666666665,-0.1799133249791136
1394,1996-03-01,12.379166666666666,0.34330096073516997
1395,1996-04-01,13.216666666666667,0.38904030910609866
1396,1996-05-01,13.695833333333333,0.4925177527151199
1397,1996-06-01,13.754166666666666,0.7890716374269008
1398,1996-07-01,13.679166666666667,0.25551900584795295
1399,1996-08-01,13.820833333333333,0.1357508354218886
1400,1996-09-01,14.437499999999998,-0.3988669590643269
1401,1996-10-01,15.537499999999998,-0.17132936507936522
1402,1996-11-01,16.78333333333333,-0.5654083124477856
1403,1996-12-01,18.04583333333333,-0.5469246031746022
1404,1997-01-01,18.866666666666667,-0.5427579365079374
1405,1997-02-01,19.14583333333333,-0.1799133249791136
1406,1997-03-01,19.074999999999996,0.34330096073516997
1407,1997-04-01,19.083333333333332,0.38904030910609866
1408,1997-05-01,19.499999999999996,0.4925177527151199
1409,1997-06-01,20.154166666666665,0.7890716374269008
1410,1997-07-01,20.72083333333333,0.25551900584795295
1411,1997-08-01,20.766666666666666,0.1357508354218886
1412,1997-09-01,20.179166666666667,-0.3988669590643269
1413,1997-10-01,19.041666666666664,-0.17132936507936522
1414,1997-11-01,17.7,-0.5654083124477856
1415,1997-12-01,16.4,-0.5469246031746022
1416,1998-01-01,15.4375,-0.5427579365079374
1417,1998-02-01,14.783333333333331,-0.1799133249791136
1418,1998-03-01,14.245833333333334,0.34330096073516997
1419,1998-04-01,13.516666666666666,0.38904030910609866
1420,1998-05-01,12.462499999999999,0.4925177527151199
1421,1998-06-01,11.291666666666666,0.7890716374269008
1422,1998-07-01,10.337499999999999,0.25551900584795295
1423,1998-08-01,9.983333333333333,0.1357508354218886
1424,1998-09-01,10.341666666666665,-0.3988669590643269
1425,1998-10-01,11.258333333333333,-0.17132936507936522
1426,1998-11-01,12.433333333333334,-0.5654083124477856
1427,1998-12-01,13.6625,-0.5469246031746022
1428,1999-01-01,14.820833333333333,-0.5427579365079374
1429,1999-02-01,15.916666666666666,-0.1799133249791136
1430,1999-03-01,16.883333333333333,0.34330096073516997
1431,1999-04-01,17.758333333333333,0.38904030910609866
1432,1999-05-01,18.495833333333334,0.4925177527151199
1433,1999-06-01,19.012499999999996,0.7890716374269008
1434,1999-07-01,19.237499999999997,0.25551900584795295
1435,1999-08-01,19.237499999999997,0.1357508354218886
1436,1999-09-01,19.170833333333334,-0.3988669590643269
1437,1999-10-01,19.2125,-0.17132936507936522
1438,1999-11-01,19.4875,-0.5654083124477856
1439,1999-12-01,19.858333333333334,-0.5469246031746022
1440,2000-01-01,20.2125,-0.5427579365079374
1441,2000-02-01,20.362499999999997,-0.1799133249791136
1442,2000-03-01,20.258333333333333,0.34330096073516997
1443,2000-04-01,20.016666666666666,0.38904030910609866
1444,2000-05-01,19.93333333333333,0.4925177527151199
1445,2000-06-01,20.241666666666667,0.7890716374269008
1446,2000-07-01,20.941666666666663,0.25551900584795295
1447,2000-08-01,21.762499999999996,0.1357508354218886
1448,2000-09-01,22.441666666666663,-0.3988669590643269
1449,2000-10-01,22.866666666666667,-0.17132936507936522
1450,2000-11-01,22.9375,-0.5654083124477856
1451,2000-12-01,22.891666666666666,-0.5469246031746022
1452,2001-01-01,22.883333333333333,-0.5427579365079374
1453,2001-02-01,23.191666666666666,-0.1799133249791136
1454,2001-03-01,23.9125,0.34330096073516997
1455,2001-04-01,24.779166666666665,0.38904030910609866
1456,2001-05-01,25.512499999999996,0.4925177527151199
1457,2001-06-01,25.8875,0.7890716374269008
1458,2001-07-01,25.954166666666666,0.25551900584795295
1459,2001-08-01,25.929166666666667,0.1357508354218886
1460,2001-09-01,25.8875,-0.3988669590643269
1461,2001-10-01,25.84583333333333,-0.17132936507936522
1462,2001-11-01,25.9,-0.5654083124477856
1463,2001-12-01,26.09583333333333,-0.5469246031746022
1464,2002-01-01,26.3375,-0.5427579365079374
1465,2002-02-01,26.379166666666663,-0.1799133249791136
1466,2002-03-01,26.329166666666666,0.34330096073516997
1467,2002-04-01,26.491666666666667,0.38904030910609866
1468,2002-05-01,27.054166666666664,0.4925177527151199
1469,2002-06-01,27.90833333333333,0.7890716374269008
1470,2002-07-01,28.72083333333333,0.25551900584795295
1471,2002-08-01,29.329166666666666,0.1357508354218886
1472,2002-09-01,29.716666666666665,-0.3988669590643269
1473,2002-10-01,30.21666666666667,-0.17132936507936522
1474,2002-11-01,30.966666666666665,-0.5654083124477856
1475,2002-12-01,31.80833333333333,-0.5469246031746022
1476,2003-01-01,32.699999999999996,-0.5427579365079374
1477,2003-02-01,33.72083333333333,-0.1799133249791136
1478,2003-03-01,34.86666666666666,0.34330096073516997
1479,2003-04-01,35.97083333333333,0.38904030910609866
1480,2003-05-01,36.79166666666666,0.4925177527151199
1481,2003-06-01,37.34166666666667,0.7890716374269008
1482,2003-07-01,37.79583333333333,0.25551900584795295
1483,2003-08-01,38.11666666666667,0.1357508354218886
1484,2003-09-01,38.44166666666666,-0.3988669590643269
1485,2003-10-01,38.69166666666666,-0.17132936507936522
1486,2003-11-01,38.887499999999996,-0.5654083124477856
1487,2003-12-01,39.0875,-0.5469246031746022
1488,2004-01-01,39.166666666666664,-0.5427579365079374
1489,2004-02-01,39.15,-0.1799133249791136
1490,2004-03-01,38.90833333333333,0.34330096073516997
1491,2004-04-01,38.40833333333333,0.38904030910609866
1492,2004-05-01,37.84583333333333,0.4925177527151199
1493,2004-06-01,37.37916666666666,0.7890716374269008
1494,2004-07-01,37.195833333333326,0.25551900584795295
1495,2004-08-01,37.36666666666666,0.1357508354218886
1496,2004-09-01,37.62083333333334,-0.3988669590643269
1497,2004-10-01,37.77916666666666,-0.17132936507936522
1498,2004-11-01,37.7875,-0.5654083124477856
1499,2004-12-01,37.670833333333334,-0.5469246031746022
1500,2005-01-01,37.62083333333334,-0.5427579365079374
1501,2005-02-01,37.55416666666667,-0.1799133249791136
1502,2005-03-01,37.391666666666666,0.34330096073516997
1503,2005-04-01,37.25416666666666,0.38904030910609866
1504,2005-05-01,37.20833333333333,0.4925177527151199
1505,2005-06-01,37.25416666666666,0.7890716374269008
1506,2005-07-01,37.233333333333334,0.25551900584795295
1507,2005-08-01,37.2,0.1357508354218886
1508,2005-09-01,37.50833333333333,-0.3988669590643269
1509,2005-10-01,38.1375,-0.17132936507936522
1510,2005-11-01,38.7125,-0.5654083124477856
1511,2005-12-01,38.975,-0.5469246031746022
1512,2006-01-01,38.99166666666667,-0.5427579365079374
1513,2006-02-01,39.079166666666666,-0.1799133249791136
1514,2006-03-01,39.47083333333333,0.34330096073516997
1515,2006-04-01,40.11666666666666,0.38904030910609866
1516,2006-05-01,40.87083333333334,0.4925177527151199
1517,2006-06-01,41.416666666666664,0.7890716374269008
1518,2006-07-01,41.58333333333333,0.25551900584795295
1519,2006-08-01,41.33333333333333,0.1357508354218886
1520,2006-09-01,40.704166666666666,-0.3988669590643269
1521,2006-10-01,40.075,-0.17132936507936522
1522,2006-11-01,39.89583333333333,-0.5654083124477856
1523,2006-12-01,40.329166666666666,-0.5469246031746022
1524,2007-01-01,41.099999999999994,-0.5427579365079374
1525,2007-02-01,41.87083333333334,-0.1799133249791136
1526,2007-03-01,42.4,0.34330096073516997
1527,2007-04-01,42.662499999999994,0.38904030910609866
1528,2007-05-01,42.849999999999994,0.4925177527151199
1529,2007-06-01,43.22083333333333,0.7890716374269008
1530,2007-07-01,43.9375,0.25551900584795295
1531,2007-08-01,45.00416666666666,0.1357508354218886
1532,2007-09-01,46.375,-0.3988669590643269
1533,2007-10-01,47.883333333333326,-0.17132936507936522
1534,2007-11-01,49.24166666666666,-0.5654083124477856
1535,2007-12-01,50.30833333333333,-0.5469246031746022
1536,2008-01-01,51.13333333333333,-0.5427579365079374
1537,2008-02-01,51.68749999999999,-0.1799133249791136
1538,2008-03-01,52.0,0.34330096073516997
1539,2008-04-01,52.1375,0.38904030910609866
1540,2008-05-01,52.15,0.4925177527151199
1541,2008-06-01,52.175,0.7890716374269008
1542,2008-07-01,52.24166666666667,0.25551900584795295
1543,2008-08-01,52.3125,0.1357508354218886
1544,2008-09-01,52.19583333333333,-0.3988669590643269
1545,2008-10-01,51.795833333333334,-0.17132936507936522
1546,2008-11-01,51.354166666666664,-0.5654083124477856
1547,2008-12-01,51.14583333333333,-0.5469246031746022
1548,2009-01-01,51.266666666666666,-0.5427579365079374
1549,2009-02-01,51.7375,-0.1799133249791136
1550,2009-03-01,52.59583333333333,0.34330096073516997
1551,2009-04-01,53.83749999999999,0.38904030910609866
1552,2009-05-01,55.33333333333333,0.4925177527151199
1553,2009-06-01,57.06666666666666,0.7890716374269008
1554,2009-07-01,58.854166666666664,0.25551900584795295
1555,2009-08-01,60.55833333333332,0.1357508354218886
1556,2009-09-01,62.016666666666666,-0.3988669590643269
1557,2009-10-01,63.224999999999994,-0.17132936507936522
1558,2009-11-01,64.09583333333333,-0.5654083124477856
1559,2009-12-01,64.44166666666666,-0.5469246031746022
1560,2010-01-01,64.4625,-0.5427579365079374
1561,2010-02-01,64.40833333333333,-0.1799133249791136
1562,2010-03-01,64.49166666666666,0.34330096073516997
1563,2010-04-01,64.75833333333333,0.38904030910609866
1564,2010-05-01,65.1875,0.4925177527151199
1565,2010-06-01,65.58333333333333,0.7890716374269008
1566,2010-07-01,65.86666666666666,0.25551900584795295
1567,2010-08-01,66.02083333333333,0.1357508354218886
1568,2010-09-01,66.225,-0.3988669590643269
1569,2010-10-01,66.625,-0.17132936507936522
1570,2010-11-01,67.3125,-0.5654083124477856
1571,2010-12-01,68.24166666666667,-0.5469246031746022
1572,2011-01-01,69.17916666666667,-0.5427579365079374
1573,2011-02-01,69.89166666666667,-0.1799133249791136
1574,2011-03-01,70.21666666666665,0.34330096073516997
1575,2011-04-01,70.0375,0.38904030910609866
1576,2011-05-01,69.26666666666665,0.4925177527151199
1577,2011-06-01,68.025,0.7890716374269008
1578,2011-07-01,66.80416666666666,0.25551900584795295
1579,2011-08-01,66.1125,0.1357508354218886
1580,2011-09-01,66.13749999999999,-0.3988669590643269
1581,2011-10-01,66.76666666666667,-0.17132936507936522
1582,2011-11-01,67.56666666666666,-0.5654083124477856
1583,2011-12-01,68.34166666666665,-0.5469246031746022
1584,2012-01-01,68.975,-0.5427579365079374
1585,2012-02-01,69.62083333333334,-0.1799133249791136
1586,2012-03-01,70.5,0.34330096073516997
1587,2012-04-01,71.74166666666666,0.38904030910609866
1588,2012-05-01,73.3625,0.4925177527151199
1589,2012-06-01,75.15416666666667,0.7890716374269008
1590,2012-07-01,76.58333333333333,0.25551900584795295
1591,2012-08-01,77.1625,0.1357508354218886
1592,2012-09-01,77.01249999999999,-0.3988669590643269
1593,2012-10-01,76.34166666666667,-0.17132936507936522
1594,2012-11-01,75.48333333333332,-0.5654083124477856
1595,2012-12-01,74.6125,-0.5469246031746022
1596,2013-01-01,73.87083333333334,-0.5427579365079374
1597,2013-02-01,73.28333333333333,-0.1799133249791136
1598,2013-03-01,72.57499999999999,0.34330096073516997
1599,2013-04-01,71.56666666666666,0.38904030910609866
1600,2013-05-01,70.14583333333334,0.4925177527151199
1601,2013-06-01,68.52499999999999,0.7890716374269008
1602,2013-07-01,,0.25551900584795295
1603,2013-08-01,,0.1357508354218886
1604,2013-09-01,,-0.3988669590643269
1605,2013-10-01,,-0.17132936507936522
1606,2013-11-01,,-0.5654083124477856
1607,2013-12-01,,-0.5469246031746022
